Content Tag ID,Name (in english) (must be unique),Name (in bengali) (must be unique),View order
(Meant to be incremented serially),Amar  Boi,আমার  বই,1
,Number Symbol,সংখ্যা প্রতীক লেখা ও পড়া-১৫,2
,Bhor Holo,"ছড়া- ভোর হলো দোর খোল প্রাক পঠন ও প্রাকলিখন ল, শ গোল দাগ দেই",3
,Arm and neck exercise,"ব্যায়াম-৪ (হাত ও ঘাড়ের ব্যায়াম), সংখ্যা ছড়া পাঠ-২",4
,Ai Ai Chad Mama,"ব্যায়াম-৫, সৃজনশীল কাজ, -ছড়া (আয় আয় চাঁদ মামা) প্রাক পঠন ও প্রাক লিখন-ই,ঈ",5
,Neck exercises and neck movements,"ব্যায়ম-৬ (ঘাড়ের ব্যায়াম ও ঘাড় নেড়ে), ভাষার কাজ ছবি পড়া-২, প্রাক গণিত সংখ্যা প্রতীক লেখা-১ পাঠ-৪",6
,Exercise 3,"প্রাক লিখন-উ, ঊ এবং ঋ ",7
,Lal Shak,"ছড়া লাল শাক, কচু শাক ... নিরাপদ পানি",8
,Hand Exercises-Phulkali,"১। ব্যায়াম - ২ (হাতের ব্যায়াম - ফুলকলি)। ২। ছড়া - বাকবাকুম পায়রা। ৩। প্রাক পঠন - া, আ। পাঠ : ১",9
,Word Formation,গল্প পৃথিবীর সবচেয়ে বড় পিঠা। ভাষার কাজ: শব্দ গঠন ,10
,"Jam, Jamrul, Kadbel","ছড়া জাম, জামরুল, কদবেল খালি ঘরে বর্ণ লিখি পাঠ-৪২",11
,Exercise 5,ব্যায়াম ৫ সৃজনশীল কাজ: গল্প-টিং এর কান্ড স্বর বর্ণেও ছড়া। পাঠ-১১,12
,Exercise 6,"ব্যায়াম-৬ (গাড়ের ব্যায়াম ও ঘাড় নেড়ে), ভাষার কাজ ছবি পড়া -২, প্রাক গনেত সংখ্যা প্রতীক লেখা-১ পাঠ-৪",13
,Hatti Ma Tim Tim,"ব্যায়াম ৫ সৃজনশীল কাজ: ছড়া- হাট্টি মা টিম টিম। প্রাক পঠন ও প্রাক লিখন - বর্ন এ,ঐ",14
,Khokon Khokon Dak Pari,"১। ব্যায়াম -৩, ২। সৃজনশীল কাজ ছড়া- খোকন খোকন ডাক পারি , ৩। প্রাক পঠন ও প্রাক লিখন - বর্ণ ও, ঔ পাঠ:৯",15
,Amra Shobai Raja,"গান ৭- আমরা সবাই রাজা ১ম ৬ লাইন প্রাকপঠন ও প্রাকলিখন ড, ঢ ফরিবেশ: গ্রীষ্ম, বর্ষা,  শীত",16
,Edur Chana,ছড়া-৮ (ইঁদুর ছানার ছড়া) পাঠ:৩৭,17
,Lal Jhuti ,"প্রাক গঠন ও প্রাক -লিখন ক,খ গান- লাল ঝুটি কাকাতুয়া (সম্পূর্ন) আসার পরিবেশ (গ্রাম ও শহর) পাঠ:১৩",18
,Aam Pata Jora Jora,"ভাষার কাজ: প্রাক - পঠন ও প্রাক - লিখন গ, ঘ। প্রাক পঠন - দেখে পার্থক্য বের করা (আমার বই ২৬-২৭)। সৃজনশীল কাজ: ছড়া -আম পাতা জোড়া পাঠ:১৫",19
,Kothai Amar Ma,"কোথায় আমার মা পাঠ্যাংশ: স্বাস্থ, হরেক রকম খাবার পাঠ-৪৮",20
,Kushir Ekdin Kushumpure,সৃজনশীল কাজ: গল্প-খুশির একদিন কুসুমপুরে। স্বাস্থ: হাত ধোয়া,21
,Beranor Ekdin,"১। সৃজনশীল কাজ: গল্প বেড়ানোর একদিন।, ২। প্রাক - গণিত : সংখ্যা প্রতীক লেখা ও পড়া ১৭।, ৩। প্রাক - গণিত: সংখ্যা অনুযায়ী বাকি ছবিগুলো আঁকি (আমার বই, পৃ-১৫০)",22
,Kak o Shiyal,কাক ও শিয়াল বিষয়: প্রাক গণিত পাঠ: ২০,23
,Lal pokar golpo,"১) সৃজনশীল কাজ: গল্প-লাল পোকার গল্প। ২) সৃজনশীল কাজ: চারু- রঙ চেনা। ৩) প্রাক গণিত: সংখ্যার গুনা, প্রতীক পড়া ও লেখা (৭)। ",24
,Hash o Murgi,"১।ব্যায়াম ৪  ২। প্রাক পাঠন- ছবিতে গল্প (হাঁসও মুরগী) ৩। প্রাক গণিত- সংখ্যা গুনা, প্রতীক পড়া ও লেখা (২)।",25
,Lal Jhuti Kakatua,"১। ব্যায়াম: ৬, ২। প্রাক - গণিত: সংখ্যা লেখা ও পড়া ৫ , ৩ । সৃজনশীল কাজ: গান ঃ লাল ঝুটি কাকাতুয়া পাঠ : ১২ ",26
,Rong Chena,"১) সৃজনশীল কাজ: গল্প-লাল পোকার গল্প। ২) সৃজনশীল কাজ: চারু- রঙ চেনা। ৩) প্রাক গণিত: সংখ্যার গণনা, প্রতীক পড়া ও লেখা (৭)। ",27
,Twinkle ,"ছড়া - টুইঙ্কেল টুইঙ্কেল প্রাক পঠন ও প্রাকলিখন- “দ,ধ” গোল মদাগ দেই",28
,Borgo Raja,"১। বর্গরাজা ও ত্রিভূজ রানির গল্প , ২। বিভিন্ন রকম আকৃতি।, ৩। সংখ্যা প্রতীক লেখা ও পড়া ",29
,Megher Kole Rod,"গান - মেঘের কোলে রোদ হেসেছে ৪ লাইন প্রাক পঠন ও লিখন - হ,ড় পাঠঃ ৩৯",30
,Ai Re Ai Tiye,"ছড়া- আয়রে আয় টিয়ে, প্রাক গণিত- সংখ্যা প্রতীক লেখা ও পড়া ১৮",31
,Tinti Khudharto Chagol,"গল্প - তিনটি ক্ষুর্ধাত ছাগল, সংখ্যা প্রতীক পড়া ও লেখা-১৩ গোল ভরাত করি",32
,Edur Chanar Lej,"ব্যায়াম-৬, সংখ্যা প্রতীক পড়া ও লেখা ৩, গল্প ইঁদুর ছানার লেজ। ",33
,Edur Chanar Lej 2,"ব্যায়াম-৬ ,  সংখ্যা প্রতীক পড়া ও লেখা ৩ গল্প ইঁদুর ছানার লেজ।",34
,Emo Moja Hoi na,"ভাষার কাজ: প্রাক - পঠন ও প্রাক - লিখন ঙ, চ,ছ।  সৃজনশীল কাজ: গান - এমন মজা হয়না। অন্যাণ্য কাজ: স্বাস্থ- দাঁত মাজা। পাঠ-১৭",35
,Dol Doloni,"গান- দোল দোলনি, প্রাক পঠন ও প্রাক লিখন- ব,ভ. শ খালি ঘর হারিয়ে যাওয়া বর্ণ লিখি",36
,Amdr Deshta Shopnopuri,"১। সৃৃজনশীল কাজ ঃ গান- আমাদের দেশেটা স্বপ্নপুরী, সম্পূর্ণ। ( শি. সহায়িকা -৬৪), ২। নিরাপত্তা ঃ রাস্তায় সংকেত। (আমার বই -৯৫) পাঠ ঃ ৪৪ ",37
,Exercise 4,"ব্যায়াম -৪ (হাত ও ঘড়ের ব্যায়াম), সংখ্যা ছড়া",38
,Prak gothon , প্রাক গঠন ,39
,Khorgosh O kochop,"খরগোশ ও কচ্ছপ, সংখ্যা-৮ পাঠ-১৮",40
,"Ja, Jha","ছড়া - এমন মজা হয়না, বর্ণ শিখি জ,ঝ  পাঠ- ১৯",41
,Noton Noton Paira,"ছড়া-নোটন নোটন পায়রা, বর্ণ শিখি ট, ঠ  বিজ্ঞান: উদ্ভিদ ও প্রাণী",42
,"Environment, Health and Technology","১) পরিবেশ, স্বাস্থ্য ও প্রযুক্তি-দিনের বিভিন্ন অংশ। ২) প্রারম্ভিক গণিত- সংখ্যা গুনা, প্রতিক পড়া ও লেখা (৬) পাঠ ঃ ১৪ ",43
,Jog Kori,গান- আমাদের দেশটা স্বপ্নপুরি ১ম ৬ লাইন গণিতের কাজ: যোগ করি পাঠ-৪৩,44
,Exercise 3-2,"ব্যায়াম-৩, সৃজনশীল কাজ, -ছড়া ( আয় আয় চাঁদ মামা) সম্পূর্ণ প্রাক পঠন ও প্রাক লিখন-উ, ঊ এবং ঋ ",45
,"Counting numbers, reading symbols","১। ব্যায়াম - ৪  ২। প্রাক - গণিত - সংখা গুনা, প্রতীক পড়া ও লেখা।  ৩। প্রযুক্তি - ঘুরে বেড়াই যানবাহনে।  পাঠ: ১০",46
,Ducks and chickens,"১। ব্যায়াম ৪ , ২। প্রাক পঠন -  ছবিতে গল্প (হাঁস ও মুরগী) । ৩। প্রাক গণিত - সংখ্যা গুনা, প্রতীক পড়া ও লেখা। পাঠ: ৬",47
,ABOI (Pre-Primary),আমার বই (প্রাক-প্রাথমিক শিক্ষা),48
,Introduction,পরিচিতি,49
,Introduction and Daily Assembly,পরিচিতি ও দৈনিক সমাবেশ,50
,Exercise,ব্যায়াম,51
,One Went Fishing,ওয়ান গেল মাছ ধরতে,52
,How Many Eggs Does an Ant Lay?,পিঁপড়া পিঁপড়া কয়টা ডিম,53
,Jaam Jamrul Kodbel,জাম জামরুল কদবেল,54
,Lal Shak Kochu Shak,লাল শাক কচু শাক,55
,The Sparrow Calls Chirping,চড়ুই ডাকে কিচির মিচির,56
,Red-Crested Cockatoo,লাল ঝুটি কাকাতুয়া,57
,Our Country is Full of Dreams,আমাদের দেশটা স্বপ্নপুরী,58
,Such a Good Time,এমন মজা হয় না,59
,Little Boy Belal,ছোট্ট ছেলে বেলাল,60
,Square-King and Square-Queen,বর্গরাজা ও ত্রিভুজরানি,61
,Where is My Mother,কোথায় আমার মা,62
,"Recognizing Colors, Introducing and Utilizing Different Sketching Mediums","রঙ চেনানো, আঁকিবুকির বিভিন্ন উপকরণ পরিচিতি ও ব্যবহার",63
,Come Come Oh Parrot,আয়রে আয় টিয়ে,64
,"Open the Door, It's Already Morning",ভোর হলো দোর খোলো ,65
,The Call of Animals and Birds,পশু পাখির ডাক,66
,The Sounds of Nature,পরিবেশের বিভিন্ন শব্দ,67
,Making Sentences with Words,শব্দ দিয়ে বাক্য তৈরি,68
,Reading the Illustrated Narrative,ছবির গল্প পড়া,69
,Introduction to the Alphabet and Reading,বর্ণমালা পরিচিতি ও পঠন,70
,Reading Symbols,প্রতীক পড়া,71
,"Swings and Swings, Comb on Dyed Hair","দোল দোল দোলনি, রাঙা মাথায় চিরুনি",72
,Writing Words,শব্দ লিখন,73
,Pre-mathematical Concepts Small-Large,প্রাক গাণিতিক ধারণা ছোট-বড়,74
,Pre mathematical Concepts,প্রাক গাণিতিক ধারণা ,75
,Pre-mathematical Concepts 1,প্রাক গাণিতিক ধারণা ১,76
,Pre-mathematical Concepts- Thick-Thin,প্রাক গাণিতিক ধারণা- মোটা-চিকন,77
,Pre-mathematical Concepts 2,প্রাক গাণিতিক ধারণা ২,78
,Ko E Kola Kho E Khai,ক এ কলা খ এ খাই,79
,An Elephant Named Jambu,জাম্বু নামের একটি হাতি,80
,"The Concept of Numbers, The Concept of Zero",সংখ্যার ধারণা- শূন্যের ধারণা,81
,Addition,যোগ,82
,"Subtraction, The Concept of Subtraction ",বিয়োগ- বিয়োগের ধারণা,83
,Quest for Potatoes,আলুর খোঁজে,84
,Matching Game,মিল অমিলের খেলা,85
,Environment 1,পরিবেশ ১,86
,Environment 2,পরিবেশ ২,87
,Science PPE,বিজ্ঞান,88
,Technology,প্রযুক্তি,89
,Health,স্বাস্থ্য,90
,Safety,নিরাপত্তা,91
,About Our Environment,যা নিয়ে আমাদের পরিবেশ,92
,Amar Boi (Pre-Primary),আমার বই (প্রাক-প্রাথমিক),93
,Chora No-4,ছড়া নং- ৪,94
,Chora No-6,ছড়া নং- ৬,95
,Chora No-8,ছড়া নং-৮,96
,Chora No-11,ছড়া নং- ১১,97
,Chora No-16,ছড়া-১৬,98
,Chora No-17,ছড়া  ১৭,99
,Chora No-18,ছড়া -১৮,100
,Chora No-19,ছড়া-১৯,101
,Chora No-24,ছড়া-২৪,102
,Chora No-25,ছড়া -২৫,103
,Gaan-3,গান-৩,104
,Gaan-5,গান -৫,105
,Gaan-6,গান-৬,106
,Gaan-12,গান -১২,107
,Golpo-1,গল্প-১,108
,Golpo-2,গল্প-২,109
,Golpo-3,গল্প-৩,110
,Golpo-4,গল্প-৪,111
,Golper Boi,গল্পের বই,112
,Golpo-6,গল্প-৬,113
,Golpo-7,গল্প-৭,114
,Golpo-9,গল্প-৯,115
,Golpo-10,গল্প-১০,116
,Golpo-13,গল্প-১৩ ,117
,Listen and Speak,শোনা  ও বলা ,118
,Pre-mathematical Concepts,প্রাক-সংখ্যার ধারণা,119
,Amar Bangla Boi (Class One),আমার বাংলা বই (প্রথম শ্রেণি),120
,Amar Porichoi,আমার পরিচয় ১,121
,ShorBorno,স্বরবর্ণ ১,122
,Bagh O Rakhal,বাঘ ও রাখাল,123
,Itol Bitol,ইতল বিতল,124
,Karchihno,কারচিহ্ন দেখি,125
,Borno Shikhi,"বর্ণ শিখিঃ ক খ গ ঘ ঙ, ব্যঞ্জনবর্ণ ঙ পড়া ও লেখার কৌশল",126
,Benjonborno,ব্যঞ্জনবর্ণ ১,127
,Chuti,ছুটি ১,128
,Muktijuddho,মুক্তিযুদ্ধ ও বিজয় ১,129
,Shobdo Niye khela,শব্দ নিয়ে খেলা,130
,Amar Bangla Boi (Class 1)_Radio,আমার বাংলা বই (প্রথম শ্রেণি)_রেডিও,131
,Mamar Bari,মামার বাড়ি,132
,Our Country 1,আমাদের দেশ ,133
,It's Morning,ভোর হলো ,134
,Liberation War and Victory,মুক্তিযুদ্ধ ও বিজয়,135
,About Seven Days,সাতদিনের কথা,136
,Leave,ছুটি,137
,Vowel ,স্বরবর্ণ,138
,Consonant ,ব্যঞ্জনবর্ণ,139
,English for Today (Class One),ইংলিশ ফর টুডে (প্রথম শ্রেণি),140
,"Greeting and Farewells, L - 1-5",ইংলিশ ফর টুডে 1_১,141
,"Alphabet (a-b), L- 1-3",ইংলিশ ফর টুডে 1_ ২,142
,"Alphabet (e-h), L- 6,9",ইংলিশ ফর টুডে 1_ ৩,143
,"Alphabet (i-l), L- 11, 13",ইংলিশ ফর টুডে 1_ ৪,144
,"Alphabet (m-p), L- 14, 16",ইংলিশ ফর টুডে 1_ ৫,145
,"Alphabet (q-t), L- 17, 18",ইংলিশ ফর টুডে 1_ ৬,146
,"Alphabet (u-z), L- 19, 20",ইংলিশ ফর টুডে 1_ ৭,147
,"Number (1-4), L 4, 7",ইংলিশ ফর টুডে 1_ ৮,148
,"Numbers ( 5-10), L-10,12,15",ইংলিশ ফর টুডে 1_ ৯,149
,"Classroom Instructions 2, L - 2 C D",ইংলিশ ফর টুডে 1_ ১০,150
,"Rhymes and Sounds, L- 2",ইংলিশ ফর টুডে 1_ ১১,151
English For Today (Class-1)_Radio,English For Today (Class-1)_Radio,ইংলিশ ফর টুডে (ক্লাস-১)_রেডিও,152
Good Morning,Good Morning,শুভ সকাল,153
Two Little Blackbirds,Two Little Blackbirds,টু লিটল ব্ল্যাকবার্ড,154
Goodbye,Goodbye,বিদায়,155
The Alphabet Song,The Alphabet Song,বর্ণমালার গান,156
"aA, bB","aA, bB","aA, bB",157
"cC, dD","cC, dD","cC, dD",158
Number 1 2,Number 1 2,সংখ্যা ১ ২,159
Two Little Hands,Two Little Hands,টু লিটল হ্যান্ডস,160
"eE, fF","eE, fF","eE, fF",161
Counting cats,Counting cats,কাউন্টিং ক্যাটস,162
"gG, hH","gG, hH","gG, hH",163
Numbers 5 6,Numbers 5 6,সংখ্যা ৫ ৬,164
"iI, jJ","iI, jJ","iI, jJ",165
Numbers 7 8,Numbers 7 8,সংখ্যা ৭ ৮,166
"kK, lL","kK, lL","kK, lL",167
"mM, nN","mM, nN","mM, nN",168
Numbers 9 10,Numbers 9 10,সংখ্যা ৯ ১০,169
"Numbers 9,10","Numbers 9,10","সংখ্যা ৯,১০",170
"oO, pP","oO, pP","oO, pP",171
"qQ,rR","qQ,rR","qQ,rR",172
"sS,tT","sS,tT","sS,tT",173
Uu Vv Ww,Uu Vv Ww,Uu Vv Ww,174
xX yY zZ,xX yY zZ,xX yY zZ,175
The Song,The Song,গানটি,176
In the Village,In the Village,গ্রামে,177
In the City,In the City,শহরে,178
Animal Sounds,Animal Sounds,আনিমেল সাউন্ড,179
Where Do You Live,Where Do You Live,আপনি কোথায় বাস করেন,180
A Family Tree,A Family Tree,ফ্যামিলি ট্রি ১,181
,Math (Class One),গণিত (প্রথম শ্রেণি),182
,Let us compare,তুলনা করি,183
,Numbers ( 11-100),সংখ্যা ( ১১-১০০),184
,Geometrical Shapes 1,জ্যামিতিক আকৃতি ও প্যাটার্ন,185
,Bangladeshi Coins and Notes 1,বাংলাদেশি মুদ্রা,186
,Let us Count,গণনা,187
,Number,সংখ্যা ১,188
,Concept of Addition 1,স্থানীয় মান ও যোগ,189
,"Concept of Subtraction, Subtraction Of Zero and Solving Subtraction Problems","বিয়োগের ধারণা, শূণ্যের বিয়োগ ও বিয়োগ সংক্রান্ত সমস্যার সমাধান, পৃষ্ঠা ৪৩-৫৩",190
,Solving Subtraction and Subtraction Problems,"বিয়োগ ও বিয়োগ সংক্রান্ত সমস্যার সমাধান, পৃষ্ঠা ৬৬-৬৮, ১০১-১০৪",191
,Math (Class One)_Radio,গণিত (প্রথম শ্রেণি)_রেডিও,192
,Compare,তুলনা,193
,Number ( 1-10),সংখ্যা (1 - 10),194
,Number ( 11-20),সংখ্যা (11 - 20),195
,Number ( 21-40),সংখ্যা (21 - 40),196
,Number ( Compare Number),সংখ্যা (সংখ্যার তুলনা),197
,Concept of Addition,যোগের ধারণা,198
,Concept of Subtraction,বিয়োগের ধারণা,199
, Subtraction (11-20),বিয়োগ (১১-২০),200
, Subtraction,বিয়োগ ১,201
,Values,স্থানীয় মান ১,202
,Geometrical Shapes,জ্যামিতিক আকৃতি,203
,Pattern,প্যাটার্ন,204
,Coins,মুদ্রা,205
,Amar Bangla Boi (Class Two),আমার বাংলা বই (দ্বিতীয় শ্রেণি),206
,Shiter Shokal,শীতের সকাল ,207
,Ami Hobo,আমি হব ,208
,Jolpori O Kathure-1, জলপরি ও কাঠুরে- ১,209
,Jolpori O Kathure-2,জলপরি ও কাঠুরে - ২,210
,Jolpori O Kathure-3,জলপরি ও কাঠুরে- ৩,211
,Nana Ronger Ful,নানা রঙের ফুলফল ১,212
,Amdr Choto Nodi,আমাদের ছোট নদী ,213
,Dadir Hate Mojar Pitha,দাদীর হাতের মজার পিঠা ,214
,Train,ট্রেন ,215
,Dukhur Chelebela,দুখুর ছেলেবেলা ,216
,Prathona,প্রার্থনা ,217
,Prathona - 2,প্রার্থনা -২ ,218
,Prathona -3,প্রার্থনা - ৩ ,219
,Prathona -4,প্রার্থনা - ৪ ,220
,Prathona-5,প্রার্থনা - ৫ ,221
,Khamar Barir Poshupakhi-1,খামার বাড়ির পশুপাখি - ১ ,222
,Khamar Barir Poshupakhi-2,খামার বাড়ির পশুপাখি - ২,223
,Khamar Barir Poshupakhi-3,খামার বাড়ির পশুপাখি -৩ ,224
,Khamar Barir Poshupakhi-4,খামার বাড়ির পশুপাখি - ৪ ,225
,Khamar Barir Poshupakhi-5,খামার বাড়ির পশুপাখি -৫ ,226
,Khamar Barir Poshupakhi-6,খামার বাড়ির পশুপাখি -৬ ,227
,Choi Ritur Desh,ছয় ঋতুর দেশ ,228
,Choi Ritur Desh-2,ছয় ঋতুর দেশ  -২ ,229
,Choi Ritur Desh-3,ছয় ঋতুর দেশ   -৩ ,230
,Choi Ritur Desh-4,ছয় ঋতুর দেশ - ৪ ,231
,Choi Ritur Desh-5,ছয় ঋতুর দেশ -  ৫,232
,Choi Ritur Desh-6,ছয় ঋতুর দেশ - ৬ ,233
,Muktijudher Ekti Sonali Pata,মুক্তিযুদ্ধের একটি সোনালী পাতা ,234
,The Joy of Work,কাজের আনন্দ,235
,Let's Work Together,সবাই মিলে করি কাজ,236
,Amar Bangla Boi_Class Two,আমার বাংলা বই_দ্বিতীয় শ্রেণি,237
,My Identity,আমার পরিচয়,238
,Let's Learn from the Lesson,পাঠ থেকে জেনে নেই,239
,The Sundarbans: A Picturesque Forest,ছবির গল্পঃ সুন্দরবন ,240
,Our Country,আমাদের দেশ,241
,A Winter Morning,শীতের সকাল,242
,I will be,আমি হব,243
,Mermaid and Woodsman,জলপরি ও কাঠুরে,244
,Colorful Flowers,নানা রঙের ফুলফল,245
,Our Little River,আমাদের ছোট নদী,246
,Delicious Cakes By Grandma,দাদির হাতের মজার পিঠা,247
,Dukhu's Childhood,দুখুর ছেলে বেলা,248
,Prayer,প্রার্থনা,249
,Farm Animals,খামার বাড়ির পশুপাখি,250
,A Country of Six Seasons,ছয় ঋতুর দেশ,251
,The Golden Page of Liberation War,মুক্তিযুদ্ধের একটি সোনালি পাতা,252
,Amar Bangla Boi (Class 2)_Radio,আমার বাংলা বই (দ্বিতীয় শ্রেণি)_রেডিও,253
,Golden Page of Liberation War,মুক্তিযুদ্ধের সোনালি পাতা,254
,English For Today (Class Two),২য় ইংরেজি,255
,Commands 1,ইংলিশ ফর টুডে ১,256
, Numbers(5-7),ইংলিশ ফর টুডে ২,257
, Numbers 3,ইংলিশ ফর টুডে ৩,258
, Alphabet ( f-j )_1,ইংলিশ ফর টুডে ৪,259
," Commands, 1. A,B",ইংলিশ ফর টুডে ৫,260
, Alphabet ( k-o ),ইংলিশ ফর টুডে ৬,261
," Alphabet ( k-o )1. b,c",ইংলিশ ফর টুডে ৭,262
,"Alphabet ( p-t), 2. B,C",ইংলিশ ফর টুডে ৮,263
,"Alphabet ( p-t), 1. A",ইংলিশ ফর টুডে ৯,264
,How old……..?,ইংলিশ ফর টুডে ১০,265
," Alphabet (u-z), 1. B,C",ইংলিশ ফর টুডে ১১,266
,Numbers 12,ইংলিশ ফর টুডে ১২,267
,I’m in…….,ইংলিশ ফর টুডে ১৩,268
,Alphabet ( a-e)_15,ইংলিশ ফর টুডে ১৪,269
,Numbers 15,ইংলিশ ফর টুডে ১৫,270
,How many……?,ইংলিশ ফর টুডে ১৬,271
, Greetings and introductions,ইংলিশ ফর টুডে ১৭,272
, How old are you?,ইংলিশ ফর টুডে ১৮,273
,How old are you?_1,ইংলিশ ফর টুডে ১৯,274
, Alphabet,ইংলিশ ফর টুডে ২০,275
,Alphabet ( a-e),ইংলিশ ফর টুডে ২১,276
, I’m in…….,ইংলিশ ফর টুডে ২২,277
, Numbers review,ইংলিশ ফর টুডে ২৩,278
,Numbers 24,ইংলিশ ফর টুডে ২৪,279
, I’m………..,ইংলিশ ফর টুডে ২৫,280
,"I’m………..2.B,C",ইংলিশ ফর টুডে ২৬,281
,"Head and shoulders, 1. A",ইংলিশ ফর টুডে ২৭,282
,"Head and shoulders, 2. B,C",ইংলিশ ফর টুডে ২৮,283
,Parts of the body 1,ইংলিশ ফর টুডে ২৯,284
,Parts of the body 2,ইংলিশ ফর টুডে ৩০,285
, Numbers 31,ইংলিশ ফর টুডে ৩১,286
,"Parts of the body, 1. A",ইংলিশ ফর টুডে ৩২,287
," Parts of the body, 2.B,C",ইংলিশ ফর টুডে ৩৩,288
, Days of the week-1,ইংলিশ ফর টুডে ৩৪,289
,"Days of the week, 2.B,C-1",ইংলিশ ফর টুডে ৩৫,290
,"Days of the week, A",ইংলিশ ফর টুডে ৩৬,291
,"Days of the week, 2.B,C",ইংলিশ ফর টুডে ৩৭,292
,Numbers 38,ইংলিশ ফর টুডে ৩৮,293
,Story: Rima and the seed 1,ইংলিশ ফর টুডে ৩৯,294
,Story: Rima and the seed 2,ইংলিশ ফর টুডে ৪০,295
,Story: Rima and the seed 3,ইংলিশ ফর টুডে ৪১,296
, Story: Rima and the seed,ইংলিশ ফর টুডে ৪২,297
,Numbers 2,ইংলিশ ফর টুডে ৪৩,298
,Colours 1,ইংলিশ ফর টুডে ৪৪,299
,Colours 2,ইংলিশ ফর টুডে ৪৫,300
,Colours 3,ইংলিশ ফর টুডে ৪৬,301
,Colours and numbers 1,ইংলিশ ফর টুডে ৪৭,302
,Numbers 3,ইংলিশ ফর টুডে ৪৮,303
,a/an 1,ইংলিশ ফর টুডে ৪৯,304
, Shapes,ইংলিশ ফর টুডে ৫০,305
,Numbers(5-7),ইংলিশ ফর টুডে ৫১,306
, Numbers,ইংলিশ ফর টুডে ৫২,307
,"Lucky the circle, 1. A",ইংলিশ ফর টুডে ৫৩,308
,"Lucky the circle, 2. B,C",ইংলিশ ফর টুডে ৫৪,309
,Shapes and Colours-1,ইংলিশ ফর টুডে ৫৫,310
,Sizes-1,ইংলিশ ফর টুডে ৫৬,311
, Animals,ইংলিশ ফর টুডে ৫৭,312
,"Where is it?, 1. A",ইংলিশ ফর টুডে ৫৮,313
,"Where is it?, 2.B,C",ইংলিশ ফর টুডে ৫৯,314
,"Animals and where they live?, 1. A",ইংলিশ ফর টুডে ৬০,315
,"Animals and where they live?, 2.B,C",ইংলিশ ফর টুডে ৬১,316
,"Animals and where they live?, 1. A_2",ইংলিশ ফর টুডে ৬২,317
,"Animals and where they live?, 2. B,C",ইংলিশ ফর টুডে ৬৩,318
,"Life everyday, 1. A",ইংলিশ ফর টুডে ৬৪,319
,"Life everyday, ""2. A
 3. B,C""",ইংলিশ ফর টুডে ৬৫,320
,"Life everyday, 1. A_2",ইংলিশ ফর টুডে ৬৬,321
,"Life everyday, 2. B,C",ইংলিশ ফর টুডে ৬৭,322
,"Where do animals live?, 1. A,C",ইংলিশ ফর টুডে ৬৮,323
,"Kaniz’s life, 1. A,B",ইংলিশ ফর টুডে ৬৯,324
,"Kaniz’s life, 2. C",ইংলিশ ফর টুডে ৭০,325
,In the/at…….,ইংলিশ ফর টুডে ৭১,326
,"Anita’s life, 1. A",ইংলিশ ফর টুডে ৭২,327
,Anita’s life,ইংলিশ ফর টুডে ৭৩,328
,"Where do animals live?, 2. B,C",ইংলিশ ফর টুডে ৭৪,329
,How many?,ইংলিশ ফর টুডে ৭৫,330
,Story: The Golden Goose 1,ইংলিশ ফর টুডে ৭৬,331
,Story: The Golden Goose 2,ইংলিশ ফর টুডে ৭৭,332
,Story: The Golden Goose 3,ইংলিশ ফর টুডে ৭৮,333
, Alphabet ( f-j ),ইংলিশ ফর টুডে ৭৯,334
,Mr. Shape,ইংলিশ ফর টুডে ৮০,335
,Sizes 3,ইংলিশ ফর টুডে ৮১,336
,English For Today (Class-2),ইংলিশ ফর টুডে (দ্বিতীয় শ্রেণি),337
,Greetings and introductions 2,গ্রিটিংস এন্ড ইন্ট্রোডাকশনস,338
,Alphabet,এলফাবেট,339
,Numbers_2,নাম্বারস_২,340
,commands,কমান্ডস,341
,How old………?,হাউ ওল্ড.......?,342
,How old are you?,হাউ ওল্ড আর ইউ?,343
,Parts of the body,পার্টস অফ দ্যা বডি,344
,Story: Rima and the seeds,স্টোরি: রিমা এন্ড দ্যা সীডস,345
,colours,কালারস,346
,colours and numbers,কালারস এন্ড নাম্বারস,347
,Lucky and circle,লাকি এন্ড সার্কেল,348
,Shapes and colours,শেপস এন্ড কালারস,349
,Sizes,সাইজেস,350
,Where is it?_2,হোয়ার ইজ ইট?,351
,Animals and where they live,এ্যানিমেলস এন্ড হোয়ার দে লিভ,352
,Life everyday,লাইফ এভরিডে,353
,English For Today (Class Two)_Radio,ইংলিশ ফর টুডে (দ্বিতীয় শ্রেণি)_রেডিও,354
,How many ?,হাউ ম্যানি?,355
,Head and shoulders,হেড এন্ড শোল্ডার,356
,Days of the week,ডেইজ অফ দ্য উইক,357
,Rima and the seeds,রিমা এন্ড দ্যা সীডস,358
,a/an,এ/ এন ,359
,Animals ,এ্যানিমেলস ,360
,Kaniz's Life,কানিজস লাইফ,361
,Where do animals live,হোয়ার ডু অ্যানিমেলস লিভ ,362
,Story: the golden goose,স্টোরি: দ্যা গোল্ডেন গুজ ,363
,Math (Class Two),গণিত (দ্বিতীয় শ্রেণি),364
,Numbers, সংখ্যা ,365
,Comparison Of Numbers,সংখ্যার তুলনা ,366
,Place Value,স্থানীয় মান ,367
,Numbers(51 to 100),সংখ্যা ( ৫১ থেকে ১০০ ),368
,Even and Odd Numbers,জোড় এবং বিজোড় সংখ্যা,369
,Counting Numbers in Variety of ways,ক্রমবাচক সংখ্যা ,370
,Do Ourselves 2,নিজে করি,371
,Addition: 2 Disit Numbers,যোগঃ ২ অঙ্কের সংখ্যা ,372
,Subtraction: 2 Digit Numbers,বিয়োগ ২ অঙ্কের সংখ্যা ,373
,Subtraction,বিয়োগ ,374
,Relation Of addition and subtraction,যোগ বিয়োগের সম্পর্ক ,375
,Mutiplications 1 and 10,১ ও ১০ এর গুণ ,376
,Mutiplications of 0,০ এর গুণ ,377
,Looking into the Multiplication Table,গুনের নামতা দেখি ,378
,Do Ourselves( Let us fill up the blank speces with the help of multiplication table),নিজে করি ( গুণের নামতার সাহায্যে খালি জায়গা পূরণ ),379
,Do Ourselves,নিজের করি ( গুণের গানিতিক সমস্যা ) ,380
,Concept Of Multiplication,গুণের ধারণা ,381
,Multiplication of 5 and 2,৫ ও ২ এর গুণ ,382
,Multiplication of 3 and 4,৩ ও ৪ এর গুণ ,383
,Multiplication of 6 and 7, ৬ ও ৭ এর গুণ ,384
,Multiplication of 8 and 9,৮ ও ৯ এর গুণ ,385
,Calculating for how many people,কতজনকে দেওয়া যাবে ? ,386
,How many each will get?,প্রত্যেকে কয়টি করে পাবে ? ,387
,Division ( Ourselves),ভাগ ( নিজে করি ) ,388
,Calculation of Division,ভাগের হিসাব ,389
,Half Fractions,অর্ধেক পরিচিতি ,390
,One Forth Fraction,এক চতুর্থাংশ পরিচিতি,391
,Length,দৈর্ঘ্য পরিমাপ,392
,Weight,ওজন পরিমাপ ,393
,"Days and Week, Calendar","দিন, সপ্তাহ, বর্ষপঞ্জি ",394
,Numbers of 12 Months,১২ মাসের নাম ,395
,Time,সময় ,396
,Do Ourselves ( Addition and Subtraciton),নিজে করি (  যোগ ও বিয়োগ ) ,397
,Volume of Liquid,তরল পদার্থের আয়তন পরিমাপ,398
,Math_Class 2 ,গণিত_২য় শ্রেণি  ,399
,Numbers ,সংখ্যা,400
,Addition: 2 Digit Numbers,যোগঃ দুই অঙ্কের সংখ্যা ,401
,Mutiplications by 0, শূণ্য দ্বারা গুণ,402
,Bangladeshi Coins and Notes,বাংলাদেশি মুদ্রা ও নোট,403
,Notes and coins 2,প্রচলিত মুদ্রা ও নোট,404
,Exchange of currency and notes,মুদ্রা ও নোট বিনিময়,405
,Fractions,ভগ্নাংশ,406
,Multiplication of 6 and 7_2,৬ ও ৭ এর গুণ ,407
,Unit of Time,সময়ের একক,408
,Addition 2 digit numbers ,দুই সংখ্যার যোগ ,409
,Subtraction 2 digit numbers ,দুই সংখ্যার বিয়োগ ,410
,Multiplication_grade 2 ,গুণের ধারণা_২য় শ্রেণি ,411
,Division_grade 2 ,ভাগ_২য় শ্রেণি,412
,Measurement_grade 2 ,পরিমাপ_২য় শ্রেণি,413
, Calendar_grade 2,"দিন ও সপ্তাহ, বর্ষপঞ্জি_২য় শ্রেণি  ",414
,Geometry_grade 2,জ্যামিতিক আকৃতি_২য় শ্রেণি  ,415
,Math (Class Two)_Radio,গণিত (দ্বিতীয় শ্রেণি)_রেডিও,416
,Concept Of Multiplication_2,গুণের ধারণা,417
,Division,ভাগ ,418
,Bangladeshi Notes and coins,বাংলাদেশি মুদ্রা ও নোট ,419
,Amar Bangla Boi (Class Three),আমার বাংলা বই (তৃতীয় শ্রেণি),420
,Image and Words,ছবি ও কথা,421
,This is Our Bangladesh,আমাদের এই বাংলাদেশ,422
,Raja O Tin Konna,রাজা ও তাঁর তিন কন্যা,423
,Hate Jabo,হাটে যাবো,424
,Bhasha Shohidder Kotha,ভাষা শহিদদের কথা,425
,Chol Chol Chol ,চল চল চল,426
,Shadhinota Diboshke Ghire,স্বাধীনতা দিবসকে ঘিরে,427
,Kujo Burir Golpo,কুঁজো বুড়ির গল্প,428
,Talgach,তালগাছ,429
,Ekai Ekti Durgo,একাই একটি দূর্গ,430
,Amar Pon,আমার পণ,431
,Pakhider Kotha,পাখিদের কথা,432
,Amdr Gram,আমাদের গ্রাম,433
,Kanamachi Vo Vo,কানামাছি ভোঁ ভোঁ,434
,Adorsho Chele,আর্দশ ছেলে,435
,Ekjon Potuar Kotha,একজন পটুয়ার কথা,436
,Ghuri,ঘুড়ি,437
,Stimerer City,ষ্টিমারের সিটি,438
,Palla Dewar Khobor,পাল্লা দেওয়ার খবর,439
,Boro K,বড় কে,440
,Nirapode Cholo,নিরাপদে চলাচল,441
,Kholifa Hajrat Abubokor ®,খলিফা হযরত আবুবকর (রা),442
,Amar Bangla Boi (Class 3),আমার বাংলা বই (৩য় শ্রেণি),443
,The King and His Three Daughters,রাজা ও তার তিন কন্যা,444
,I'll Visit the Market,হাটে যাব,445
,The Tale of Language Martyrs ,ভাষা শহিদদের কথা ২,446
,Chol Chol Chol,চল চল চল ২,447
,Around Independence Day,স্বাধীনতা দিবসকে ঘিরে ২,448
,The Story of the Humped Woman,কুজো বুড়ির গল্প,449
,Palm Tree,তাল গাছ,450
,Alone A Fortress,একাই একটি দুর্গ,451
,My Oath,আমার পণ ২,452
,The Take of Birds,পাখিদের কথা ২,453
,Our Village,আমাদের গ্রাম ২,454
,Kanamachhi Vo Vo,কানামাছি ভোঁ ভোঁ ২,455
,An Ideal Boy ,আদর্শ ছেলে,456
,Tale of a Potua,একজন পটুয়ার গল্প,457
,A Kite,ঘুড়ি ২,458
,City of Steamers,স্টিমারের সিটি,459
,News About a Contest,পাল্লা দেওয়ার খবর ২,460
,Who is Great?,বড় কে ২,461
,Safe Movement,নিরাপদে চলাচল ২,462
,Caliph Hazrat Abu Bakr,খলিফা হযরত আবু বকর,463
,Amar Bangla Boi (Class 3)_Radio,আমার বাংলা বই (তৃতীয় শ্রেণি)_রেডিও,464
,Our Freinds,আমাদের বন্ধুরা,465
,English for Today (Class Three),৩য় ইংরেজি,468
,Greetings and Introduction,গ্রিটিংস এন্ড ইন্ট্রোডাকশন,469
,Introducing a student,ইন্ট্রোডিউসিং এ স্টুডেন্ট ,470
,Introducing a teacher,ইন্ট্রোডিউসিং এ টিচার,471
, Greetings,গ্রিটিংস,472
,Introducing someone,ইন্ট্রোডিউসিং সামওয়ান,473
,"Dialogue: Keya,Riya and Mashuk","ডায়ালগ: কেয়া, রিয়া এন্ড মাশুক",474
,Numbers(1- 10),নাম্বারস (১-১০),475
,Commands and instructions: inside the classroom,কমান্ড এন্ড ইন্সট্রাকশনসঃ ইনসাইড দ্য ক্লাসরুম,476
,Days in a calendar,ডেইজ ইন এ ক্যালেন্ডার,477
,Commands and instructions,কমান্ড এন্ড ইন্সট্রাকশনস,478
," Commands, instructions and requests: at
home and at school.","কমান্ড, ইন্সট্রাকশনস এন্ড রিকোয়েস্টঃ হোম ও স্কুলে",479
, Commands and instructions: outside the classroom,কমান্ড এন্ড ইন্সট্রাকশনসঃ আউটসাইড দ্য ক্লাসরুম,480
,Numbers (21-30),নাম্বারস (২১-৩০),481
,"Commands,instructions and request","কমান্ড, ইন্সট্রাকশনস এন্ড রিকোয়েস্ট",482
,Letters and sounds,লেটারস এন্ড সাউন্ড,483
,Names of the days,নেমস অফ দ্যা ডেইজ,484
,Names of the months,নেমস অফ দ্যা মান্থস,485
,Names of the days and months,নেমস অফ দ্যা ডেইজ এন্ড মান্থস,486
,"Numbers,(61-70) ","নাম্বারস, (৬১-৭০)",487
,Occupations,অকুপেশনস,488
, Numbers (81-90),নাম্বারস (৮১-৯০),489
, What do they do,হোয়াট ডু দে ডু,490
, Numbers (91-100),নাম্বারস (৯১-১০০),491
, What sounds do they make?,হোয়াট সাউন্ড ডু দে মেক ,492
,What are they doing,হোয়াট আর দে ডুয়িং,493
,The cow and the frog, দ্য কাউ এন্ড দ্য ফ্রগ ,494
,Where is it?,ওয়ার ইট ইজ ,495
,Punctuations and capital letters,পানচুয়েশন এন্ড কযাপিটেল লেটারস ,496
,Story: The boys and the frogs,স্টোরিঃ দ্য বয় এন্ড দ্য ফ্রগ ,497
, My family,মাই ফ্যামিলি,498
,My friend,মাই ফ্রেন্ড ,499
, Food we need,ফুড উই নিড,500
,What food should we eat?,হোয়াট ফুড শুড উই ইট?,501
,Cleanliness,ক্লিনলিনেস,502
,At the shop,এট দ্যা শপ,503
,Story: The crow,স্টোরি: দ্যা ক্রো,504
,English For Today (Class-3),ইংলিশ ফর টুডে  (তৃতীয় শ্রেণি),505
,Dialogue,ডায়ালগ,506
,Cursive small letters,কার্সিভ স্মল লেটারস,507
,What sounds do they make,হোয়াট  সাউন্ডস ডু দে মেক,508
,Where is it,হোয়ার ইজ ইট,509
,Punctuation and capital letters,পাংচুয়েশনস এন্ড ক্যাপিটাল লেটারস,510
,English For Today (Class Three)_Radio,ইংলিশ ফর টুডে (তৃতীয় শ্রেণি)_রেডিও,511
,Number of the months,নাম্বার অফ দ্য মান্থস,512
,Story: The cow and the frog,স্টোরিঃ দ্য কাউ এন্ড দ্য ফ্রগ ,513
,Punctuation,পানচুয়েশন ,514
,Math (Class Three),গণিত (তৃতীয় শ্রেণি),515
,Counting Numbers,সংখ্যা গণনা ,516
,Ordinal Numbers,ক্রমবাচক সংখ্যা ২,517
,Addition Of Three Numbers,তিন সংখ্যার যোগ করি,518
,Addition Of Two Numbers,দুই অঙ্কের যোগ,519
,Addition Of Three and Four Numbers,তিন ও চার সংখ্যার যোগ ,520
,Multiplication up to 20,২০ পর্যন্ত গুণ ,521
,Multiplication,গুণ ,522
,Two digit Number divided by One disit Number,দুই অঙ্কের সংখ্যাকে এক অঙ্কের সংখ্যা দ্বারা ভাগ ,523
,Three digit Number divided by One disit Number,তিন অঙ্কের সংখ্যাকে এক অঙ্কের সংখ্যা দ্বারা ভাগ করতে পারবে । ,524
,"Problems related to addition, subtraction, multiplication and division","যোগ, বিয়োগ, গুণ ও ভাগ সংক্রান্ত সমস্যা ",525
,Quadrilaterals,চতুর্ভূজ ,526
,Denominator,ভগ্নংশের তুলনা ,527
,Addition Of Fraction,ভগ্নাশের যোগ ,528
,Subtraction of Fraction,ভগ্নাংশের বিয়োগ ,529
,Length and Perimeter,দৈর্ঘ্য এবং পরিসীমা ,530
,"Point, Line and Surfaces","বিন্দু, রেখা ও তল ",531
,Angle,কোণ ,532
,Numbers_grade 3 ,সংখ্যা _৩য় শ্রেণি,533
,Addition_grade 3 , যোগ_৩য় শ্রেণি,534
,Subtraction_grade 3 ,বিয়োগ_৩য় শ্রেণি,535
,Division_grade 3  , ভাগ_৩য় শ্রেণি,536
,"Problem related to Addition, Subtraction, Multiplication, Division  ",যোগ বিয়োগ গুণ ও ভাগ সংক্রান্ত সমস্যা,537
,Bangladeshi Notes & Coin_grade 3 ,বাংলাদেশী মুদ্রা ও নোট_৩য় শ্রেণি,538
, Fractions_grade 3,ভগ্নাংশ_৩য় শ্রেণি,539
, Measurement_grade 3,পরিমাপ_৩য় শ্রেণি,540
,Geometry_grade 3,জ্যামিতি_৩য় শ্রেণি,541
,Large Numbers and place value ,বড় সংখ্যা ও স্থানীয় মান,542
,Math_Class 3 ,গণিত_৩য় শ্রেণি  ,543
,Multiplication_grade 3 ,গুণ_৩য় শ্রেণি,544
,Math (Class Three)_Radio,গণিত (তৃতীয় শ্রেণি)_রেডিও,545
,Bangladeshi Notes & Coin ,বাংলাদেশী মুদ্রা ও নোট,546
, Measurement,পরিমাপ,547
,Geometry,জ্যামিতি,548
,Science_Grade_Three,সাধারণ বিজ্ঞান (৩য় শ্রেণি),549
,Things in our environment,আমাদের পরিবেশের উপাদান ,550
,Classification of our environment,আমাদের পরিবেশের শ্রেণিবিন্যাস ,551
,Natural and Man-made enviromant,প্রাকৃতিক ও মানুষের তৈরি পরিবেশ   ,552
,Make a list of living and non-living things,জীব ও জড় তালিকা তৈরি কর ,553
,Living And Non-Living Things,জীব ও জড় ,554
,Plants and Animals,উদ্ভিদ এবং প্রাণী,555
,Types Of Plants,বিভিন্ন ধরনের উদ্ভিদ ,556
,Classifying the size and stem of plants,আকার এবং কান্ড অনুযায়ী শ্রেণি বিন্যাস ,557
,"Vertebrates, Invertebrates","মেরুদন্ডী প্রাণী, অমেরুদন্ডী প্রাণী ",558
,Classification of Vertebrates,"মেরুদন্ডী প্রাণীর শ্রেণী বিন্যাস পাঠ-১ (মাছ,  উভচর, সরীসৃপ)",559
,Classification of Vertebrates 2,মেরুদন্ডী প্রাণীর শ্রেণী বিন্যাস পাঠ-২ ( পাখি স্তন্যপায়ী ও আলোচনা) ,560
,Food and consumers,খাদ্য এবং খাদক ,561
,Plants and animals for our life,আমাদের জীবনের জন্য উদ্ভিদ এবং প্রাণী  ,562
,What is substance?, পদার্থ কী?,563
,"Properties of matter (weight, shape, volume)","পদার্থের বৈশিষ্ট্য (ওজন, আকৃতি, আয়তন )",564
,Changes in water conditions,পানির অবস্থার পরিবর্তণ ,565
,Three Forms of Water,পানির তিন অবস্থা ,566
,Three States of Matters ,পদার্থের তিন অবস্থা,567
,Sources of Water,পানির উৎস,568
,Natural Source and man-made Source fo water,"পানির প্রাকৃতিক উৎস , মানুষের তৈরি পানির উৎস ",569
,Uses of Water,পানির ব্যবহার,570
,Saving Of Water,পানি সংরক্ষণ ,571
,Fresh water and salty water,স্বাদু পানি ও লোনা পানি ,572
,Arsenic-contaminated Water,আর্সেনিক মিশ্রিত পানি ,573
,Causes of Water Pollution,পানি দূষণের কারণ,574
,Harmful aspects and prevention of water pollution,পানি দূষণের ক্ষতিকর দিক ও প্রতিরোধ ,575
,Components of Soil,মাটির উপাদান,576
,Comparing Properties of Soil,বিভিন্ন ধরনের মাটির বৈশিষ্ট্য,577
,"Comparing Properties of Soil (clay soil, sandy soil, loamy soil)","বিভিন্ন ধরনের মাটির বৈশিষ্ট্য (এঁটেল মাটি, বেলে মাটি, দোআঁশ মাটি) ",578
,Water-holding Capacity,মাটির পানি ধরে রাখার ক্ষমতা ,579
," clay soil, sandy soil, loamy soil","এঁটেল মাটি, বেলে মাটি, দোআঁশ মাটি",580
,Feeling and finding air ,বায়ুর উপস্থিতি অনুভব করা।  ,581
,Importance and use of Air,বায়ুর গুরত্ব ও ব্যবহার ,582
,Burning in air,বায়ুতে আগুন জ্বলে ,583
,Components of Air,বায়ুর উপাদান (পর্যবেক্ষণ ও সারসংক্ষেপ )  ,584
,Use of different elements of air (oxygen and carbon oxide),বায়ুর বিভিন্ন উপাদানের ব্যবহার (অক্সিজেন ও কার্বন অক্সাইড),585
,Use of different elements of air ,বায়ুর বিভিন্ন উপাদানের ব্যবহার (পূর্ব পাঠ আলোচনা ও নাইট্রোজেন) ,586
,Preventing air pollution,বায়ু দূষণের কারণ ,587
,Classification of food,খাদ্যের শ্রেণিবিন্যাস,588
,Nutrients 1,"পুষ্টি উপাদান ( চর্বি, ভিটামিন ও খনিজ লবন, পানি) ",589
, Menu of balanced diet for a dinner,রাতের খাবারের জন্য সুষম খাদ্যের তালিকা ,590
,Food ingredients 1,খাদ্যের পরিমিত পুষ্টিমান ও পূনআলোচনা ,591
,Classifications of seasonal fruits,মৌসুমি ফলের শ্রেণিবিন্যাস ,592
,Seasonal Fruites,মৌসুমি ফল ,593
,Seasonal Vegetables 1,মৌসুমি সবজি ( গ্রীষ্মকালীন সবজি) ,594
,Seasonal Vegetables,মৌসুমি সবজি ( শীতকালীন সবজি বারোমাসি সবজি ),595
,Preserving food 1,খাদ্য সংরক্ষণের উপায় ,596
,Disease,রোগ ,597
,Keep our body healthy,দেহ সুস্থ রাখা ,598
,Prevention of Diseases,রোগ প্রতিরোধ,599
,Keep the body Clean,শরীরের পরিস্কার পরিচ্ছন্নতা ,600
,Washing Hand and Using Safe Water,হাত ধোঁয়া ও নিরাপদ পানির ব্যবহার,601
,Cleaning the enviroment,পরিবেশের  পরিচ্ছন্নতা ,602
,Energy in our life,আমাদের জীবনে শক্তি,603
,"Light, Electricity","আলো , বিদ্যুৎ ",604
,Heat and Reversal,তাপ  এবং পূনআলোচনা ,605
,What Energy do,শক্তি কী করে? ,606
,What is Energy,শক্তি কি,607
,Uses of Technology,প্রযুক্তির ব্যবহার ,608
,Use of different technologies,বিভিন্ন প্রযুক্তির ব্যবহার ,609
,Development of transport technology,যাতায়াত ও পরিবহনে প্রযুক্তির উন্নয়ণ  ,610
,Change of transport technology,যাতায়াতে বিভিন্ন প্রযুক্তি ,611
,Education and Agriculture,শিক্ষা ও কৃষি  ,612
,Sources of Information,তথ্যের উৎস  ,613
,Exchanging Information,তথ্য সরবরাহের বিভিন্ন মাধ্যম ও মিডিয়া ,614
,Communication tools,যোগাযোগের যন্ত্রপাতি  ,615
,Information sharing process,তথ্য আদান-প্রদান প্রক্রিয়া ,616
,Let's make a `simple telephone',হাতে-কলমে সহজ টেলিফোন বানানো। ,617
,Impact of population growth on food and space,খাদ্য এবং বাসস্থানের উপর জনসংখ্যা বৃদ্ধির প্রভাব ,618
,The Impact of population growth On our life,আমাদের জীবনে জনসংখ্যা বৃদ্ধির প্রভাব ,619
,The Impact of Population growth on the natural enviroment,প্রাকৃতিক পরিবেশের উপর জনসংখ্যা বৃদ্ধির প্রভাব ,620
,Primary Science Grade 3,প্রাথমিক বিজ্ঞান তৃতীয় শ্রেণি,621
,What is the environment?,পরিবেশ কাকে বলে,622
,Classification of environment,পরিবেশের শ্রেণিবিন্যাস ,623
,Differences in environment,পরিবেশের মধ্যে র্পাথক্য,624
,What food do we eat?,আমরা কী কী খাবার খাই,625
,Food requirements,খাদ্যের প্রয়োজনীয়তা,626
,What is a balanced diet?,সুষম খাদ্য কী,627
, Seasonal vegetables, মৌসুমি সবজি,628
,Food preservation,খাদ্য সংরক্ষণ,629
,Effects of population growth,জনসংখ্যা বৃদ্ধির প্রভাব,630
,Population Impact,জনসংখ্যার প্রভাব,631
,What is living and inanimate?,জীব ও জড় কী?,632
,Water source,পানির উৎস ,633
, safe water, নিরাপদ পানি,634
, Why is water polluted?, পানি কেন দূষিত,635
,Use of technology 1,প্রযুক্তির ব্যবহার,636
, Sharing of information 1, তথ্যের আদান প্রদান ,637
, I will make a telephone, টেলিফোন বানাবো,638
,Development of technology,প্রযুক্তির উন্নয়ন,639
,Technology in various fields,বিভিন্ন ক্ষেত্রে প্রযুক্তি,640
,state of matter,পদার্থের অবস্থা,641
,Water pollution,পানি দূষণ,642
,What is soil?,মাটি কী ,643
,Soil properties,মাটির বৈশিষ্ট্য,644
, Strong role,শক্তির ভূমিকা,645
, what is strength?, শক্তি  কি,646
,Health and various diseases 1,স্বাস্থ্য ও বিভিন্ন রোগ,647
,Work of energy,শক্তির কাজ,648
, The body is healthy, দেহ সুস্থ,649
, Protection against disease, রোগের  রক্ষা ,650
,the environment,পরিবেশ,651
,man made,মানুষের তৈরি ,652
,need food,খাদ্যের  প্রয়োজন,653
,Food ingredients,খাদ্যের উপাদান,654
,food,খাদ্য,655
, nutrients, পুষ্টি উপাদান,656
,Vegetable,সবজি,657
,meal,খাদ্য ১,658
,population,জনসংখ্যা,659
,people,জনসংখ্যা ১,660
,Living and inanimate,জীব ও জড়,661
, water,পানি,662
,Waste of water,পানির অপচয়,663
,the water,পানি ১,664
, in information, তথ্যে,665
, Tel, টেলিফো,666
,Substance,পদার্থ,667
,the soil,মাটি,668
, characteristics, বৈশিষ্ট্য,669
, strength, শক্তি  ,670
,healthy,সুস্থ,671
, disease, রোগ,672
,Primary Science (Class Three)_Radio,প্রাথমিক বিজ্ঞান (তৃতীয় শ্রেণি)_রেডিও,673
,Things in our environment 2,আমাদের পরিবেশে যা কিছু আছে ,674
,Living and Non-Living ,জীব ও জড় ২,675
,Plants,উদ্ভিদ,676
,Animals 1,প্রাণী ,677
,Our Relation with other living things,অন্যান্য জীবের সাথে আমাদের সম্পর্ক ,678
,Water consumption,পানির ব্যাবহার ,679
,Safe and pollute water,নিরাপদ ও অনিরাপদ পানি ,680
, Water Pollution,পানি দুষণ,681
,Components of Soil and Properties of Soil,মাটির উপাদান ও বিভিন্ন ধরনের মাটি ,682
,Comparing ,মাটি ও ফসল,683
,Soil and Crop,আমাদের চারপাশে বায়ু ,684
,Different elements of air,বায়ুর বিভিন্ন উপাদানের ব্যবহার ,685
,Air Pollution 1,বায়ু দূষণ ,686
,Food and Nutririon, খাদ্য এবং পুষ্টি ,687
,Balance diet,সুষম খাদ্য ,688
,Fruit,ফল ,689
,Health and various diseases,স্বাস্থ্য এবং রোগ,691
, What is strength,শক্তি কি?,692
,Technology in our life 1,আমাদের জীবনে প্রযুক্তি ১,693
,Ways of Information Collection,তথ্য সংগ্রহের উপায়সমূহ,694
, Sharing of information,তথ্য আদান প্রদান,695
,Amar Bangla Boi (Class Four),আমার বাংলা বই (চতুর্থ শ্রেণি),696
,The Nature of Bangladesh,বাংলাদেশের প্রকৃতি,697
,A Song of A Palanquin,পালকির গান,698
,The Big King and Young King,বড় রাজা ছোট রাজা,699
,The Kiddy of Bengal,বাংলার খোকা,700
,The Rhyme of Liberation,মুক্তির ছড়া,701
,I Want A Leave Today,আজকে আমার ছুটি চাই,702
,Birsreshthoder Birgatha,বীরশ্রেষ্ঠদের বীরগাথা,703
,Noble Rokeya,মহীয়সী রোকেয়া,704
,The Invitation,নেমন্তন্ন,705
,Mobile phone,মোবাইল ফোন,706
,Abol-Tabol,আবোল-তাবোল,707
,Bengali: Our Language,মোদের বাংলা ভাষা,709
,Baoyalider Golpo,বাওয়ালিদের গল্প,710
,The World of Birds,পাখির জগৎ,711
,Kajla Didi,কাজলা দিদি,712
,Pathan Muluke,পাঠান মুলুকে ,713
,Mother,মা,714
,Let's Visit Sonargaon,ঘুরে আসি সোনারগাঁও,715
,Bir Purush,বীর পুরুষ,716
,Paharpur,পাহাড়পুর,717
,The Story of Lipi,লিপির গল্প,718
,Caliph Hazrat Umar (RA),খলিফা হযরত উমর (রা),719
,Amar Bangla Boi_Class Four,আমার বাংলা বই_চতুর্থ শ্রেণি,720
,The Epic of Bir-Shrestha,বীরশ্রেষ্ঠের বীরগাথা,721
,Abol Tabol,আবোল তাবোল,722
,Wash Your Hands,হাত ধুয়ে নাও,723
,In the Land if Pathan,পাঠান মুলুকে,725
,The Hero,বীরপুরুষ,726
,Amar Bangla Boi (Class Four)_Radio,আমার বাংলা বই (চতুর্থ শ্রেণি)_রেডিও,727
,Our Bengali Language,মোদের বাংলা ভাষা ২,728
,English For Today (Class Four),ইংলিশ ফর টুডে (৪র্থ শ্রেণি) ,729
,About me,এবাউট মি,730
,Greeting,গ্রিটিং ,731
,Family,ফ্যামিলি,732
,Family tree,ফ্যামিলি ট্রি,733
,Verb to be 1,ভার্ব টু বি ,734
,Classroom language,ক্লাসরুম ল্যাঙ্গুয়েজ ,735
,Sound practice 1,সাউন্ড প্র্যাকটিস ওয়ান,736
,Counting,কাউন্টিং ,737
,Making Requests,মেকিং রিকোয়েস্ট,738
, Traffic lights,ট্র্যাফিক লাইটস ১,739
,Numbers 4,নাম্বারস ৪,740
, Traffic rules,ট্র্যাফিক রুলস,741
,Who's first,হুজ ফার্স্ট ,742
,Say it right,সে ইট রাইট ,743
,Telling the time,টেলিং দ্যা টাইম,744
,My day,মাই ডে,745
,Mita's day,মিতা’স ডে,746
,Sagar and his family,সাগর এন্ড হিজ ফ্যামিলি,747
,Wh- words and do/ does,ডু/ডাস,748
,Sagar's Week,সাগর’স উইক,749
,At/ In,এট/ইন,750
,In the park,ইন দ্যা পার্ক,751
,Clap your hands,ক্লাপ ইয়োর হ্যান্ডস,752
,Food and meals ,ফুড এন্ড মিলস ,753
,  Food around the world,ফুড এরাউন্ড দ্যা ওয়ার্ল্ড 1,754
, Tune up!,টিউন আপ 1,755
, Write well 1,রাইট ওয়েল ১ ,756
,Write well 2,রাইট ওয়েল ২,757
, Story: The hen and her chicks,স্টোরি: দ্যা হেন এন্ড হার চিকস,758
, Write well 3,রাইট ওয়েল ৩-1,759
,Write well 4,রাইট ওয়েল ৪,760
,Letter to a friend,লেটার টু এ ফ্রেন্ড,761
,Animals,এনিমেলস,762
,Months of the year 1,মান্থস অফ দ্য ইয়ার ১,763
,Months of the year 2,মান্থস অফ দ্য ইয়ার ২,764
,Simple past tense,সিম্পল পাস্ট টেন্স,765
,SM Sultan (SM Sultan is……….Bangladesh)),এস এম সুলতান (বাংলাদেশ),766
, SM Sultan (people around………Jashore),এস এম সুলতান (যশোর),767
,SM Sultan,এস এম সুলতান 1,768
,My trip,মাই ট্রিপ,769
, On holiday 1,অন হলিডে ১-1,770
, On holiday 2,অন হলিডে ২,771
,A holiday letter,এ হলিডে লেটার,772
,Story: The lion and the mouse,স্টোরি: দ্যা লায়ন এন্ড দ্যা মাউস,773
,An interview,এ্যান ইন্টারভিউ,774
,A garment worker's day,এ গারমেন্ট ওয়ার্কার্স ডে ,775
,English For Today (Class-4),ইংলিশ ফর টুডে (চতুর্থ শ্রেণি),776
,verb to be,ভার্ব টু বি,777
,Past continous,পাস্ট কন্টিনিউয়াস,778
,Food and meals 1,ফুড এন্ড মিলস ১,779
,Food and meals 2,ফুড এন্ড মিলস ২,780
,Food around the world,ফুড এরাউন্ড দ্যা ওয়ার্ল্ড,781
,Tune up,টিউন আপ,782
,Write well 1,রাইট ওয়েল ১,783
,The hen and her chicks,দ্যা হেন এন্ড হার চিকস,784
,Write well 3,রাইট ওয়েল ৩,785
,S M Sultan,এস এম সুলতান,786
,On holiday 1,অন হলিডে ১,787
,English For Today (Class Four)_Radio,ইংলিশ ফর টুডে  (চতুর্থ শ্রেণি)_রেডিও,788
,Traffic Lights,ট্র্যাফিক লাইটস,789
,Months of the year,মান্থস অফ দ্য ইয়ার,790
,Math (Class Four),গণিত (চতুর্থ শ্রেণি),791
,Five Digit Numbers,পাঁচ অঙ্কের সংখ্যা,792
,Triangle,ত্রিভুজ,793
,Number Line,সংখ্যারেখা,794
,Addition ,যোগ ,795
,Addition and Subtraction,যোগ ও বিয়োগ সংক্রান্ত,796
,Multiplication with three-four digit number,তিন ও চার অঙ্কের সংখ্যার গুণ,797
,The Simple Method,সহজ পদ্ধতিতে গুণ,798
,Mathematical Sentence and Calculation Order,গাণিতিক বাক্য এবং হিসাবের ধারাবাহিকতা,799
,Mathematical Symbols,গাণিতিক প্রতীক,800
,Prime Numbers,মৌলিক সংখ্যা,801
,Multiples and Factors,গুণিতক ও গুণনীয়ক,802
,Line and Angles,রেখা এবং কোণ,803
,Comparison Of Fraction,ভগ্নাংশের তুলনা,804
,Equivalent Fractions,সমতুল ভগ্নাংশ,805
,Finding the common denominator,সাধারণ হর খুঁজে বের করা,806
,Addition and Subtraction of Fractions,ভগ্নাংশের যোগ ও বিয়োগ,807
,Fraction,সাধারণ ভগ্নাংশ,808
,Area,ক্ষেত্রফল,810
,Collection and Arrangement of Data,উপাত্ত সংগ্রহ এবং বিন্যস্তকরণ,811
,"Six, Seven and Eight Disit Numbers","ছয়, সাত ও আট অঙ্কের সংখ্যা",812
,Decimals fractions  and Fractions,দশমিক ভগ্নাংশ ও সাধারণ ভগ্নাংশ,813
,Decimals fractions ,দশমিক ভগ্নাংশ,814
,Addition and Subtraction of Decimals Fractions,দশমিক ভগ্নাংশের যোগ ও বিয়োগ,815
,Math_Class 4,গণিত_৪র্থ শ্রেণি  ,816
,Triangles Based On Angles,কোণভেদে ত্রিভুজ,817
,Create table, সারণি তৈরি করা,818
,Display with columns,স্তম্ভলেখার সাহায্যে প্রদর্শন,819
,Accounting rules and concepts,হিসাবের নিয়ম এবং ধারণা ,820
,Arithmetic sentences containing blanks,খালিঘর সংবলিত গাণিতিকি বাক্য,821
,Division 2, তিন অঙ্কের সংখ্যাকে দুই অঙ্কের সংখ্যা দ্বারা ভাগ,823
,Math (Class Four)_Radio,গণিত (চতুর্থ শ্রেণি)_রেডিও,824
,Addition and Subtraction ,যোগ ও বিয়োগ,825
,"Addition, Subtraction, Multiplication and Division ","যোগ, বিয়োগ, গুণ ও ভাগ সংক্রান্ত",826
,Primary Science (Class Four)_Radio,প্রাথমিক বিজ্ঞান (চতুর্থ শ্রেণি)_রেডিও,827
,Plants and Animals ,পরিবেশে জীব ( উদ্ভিদ ও প্রাণী),828
,What plants need to make food,খাদ্য তৈরির জন্য উদ্ভিদের যা প্রয়োজন,829
,Change in the enviroment,পরিবেশের পরিবর্তন,830
,Defferences netween plants and animals,উদ্ভিদ ও প্রাণীর পার্থক্য,831
,The effects of enviroment on living things,জীবের উপর পরিবেশের প্রভাব,832
,The Importance of Soil,মাটির গুরুত্ব,833
,Growth of Soil Fertility,মাটির উর্বরতা বৃদ্ধি,834
,Soil Pollution,মাটি দূষণ,835
,Sources of food ,খাদ্যের উৎস,836
,Nutrients 2,পুষ্টি উপাদান,837
,Our Healthy Lifestyle 1,সুস্থ্য জীবন যাপন,839
,Water borne diseases,পানিবাহিত রোগ,840
,properties of matter,পদার্থের বৈশিষ্ট্য,841
,Classification of Natural Resources 1,বিভিন্ন ধরণের প্রাকৃতিক সম্পদ,842
,Uses of Natural Resources for energy production,শক্তি উৎপাদনে প্রাকৃতিক সম্পদের ব্যবহার ,843
,Conservation of nature conservation 2,প্রাকৃতিক সম্পদের সংরক্ষণ,844
,The Galaxy,সৌরজগৎ,845
,Star,নক্ষত্র,846
,Technolgy in Daily Life,দৈনন্দিন জীবনে প্রযুক্তি,847
,Technology in Agriculture 1,কৃষিতে প্রযুক্তি,848
,Daily Weather,দৈনন্দিন আবহাওয়া,849
,Cloud and Rain,মেঘ ও বৃষ্টি,850
,Weather and Climate in our life,আমাদের জীবনে আবহাওয়া ও জলবায়ু,851
,Accidents in our life,আমাদের জীবনে দুর্ঘটনা,852
,First Aid,প্রাথমিক চিকিৎসা,853
,Development and Use of information and communication technology,তথ্য ও যোগাযোগ প্রযুক্তির উন্নয়ন এবং এর ব্যবহার,854
,"Relationship between Population, Shelter and food","জনসংখ্যা, খাদ্য ও বাসস্থানের মধ্যকার সম্পর্ক",855
,Science_Grade_Four,সাধারণ বিজ্ঞান (৪র্থ শ্রেণি),856
,Needs of living things for survive,পরিবেশে জীব - বেঁচে থাকার জন্য জীবের যা প্রয়োজন,857
,Human dependency on plants and animals for food,খাদ্যের জন্য উদ্ভিদ ও প্রাণীর উপর মানুষের নির্ভরশীলতা,858
,Plants in the enviroment,পরিবেশে উদ্ভিদ,859
,Animals in the enviroment,পরিবেশে প্রাণী,860
,The Importance of Soil utilization,মাটির গুরুত্ব ব্যবহার,862
, Soil Fertility,মাটির উর্বরতা ( সার ব্যবহার ও ফসল আর্বতন),863
,Nutrients,পুষ্টি উপাদান ও ভিটামিন,864
,Nutrients: Necessity of protein and nutriets,পুষ্টি উপাদানঃ আমিষ এবং পুষ্টি উপাদানের প্রয়োজনীয়তা,865
,Our Healthy Lifestyle,সুস্থ জীবন যাপন ,867
,Waterborne diseases spreading,পানিবাহিত রোগঃ পানিবাহিত রোগের বিস্তার,868
,Waterborne diseases,পানিবাহিত রোগ ১,869
,Prevention of waterborne diseases,পানিবাহিত রোগঃ পানিবাহিত রোগ প্রতিরোধ,870
,Types and symptoms of waterborne diseases,পানিবাহিত রোগঃ পানিবাহিত রোগ এবং পানি বাহিত রোগের লক্ষণ,871
,Various objects around us..... unit is millimeter or litre,আমাদের চারপাশে নানা বস্তু..... একক হলো মিলিমিটার বা লিটার,872
,what is air? 1st part,বায়ু কী? বায়ুর বৈশিষ্ঠ্য। ১ম ভাগ,873
,what is air? 2nd part,বায়ু কী? বায়ুর বৈশিষ্ঠ্য। ২য় ভাগ,874
,what is air? 3rd part,বায়ু কী? বায়ুর বৈশিষ্ঠ্য। ৩য় ভাগ,875
,Types of Natural Resources,বিভিন্ন ধরনের প্রাকৃতিক সম্পদ,876
,Classification of Natural Resources 2,বিভিন্ন ধরনের প্রাকৃতিক সম্পদঃ প্রাকৃতিক সম্পদের শ্রেণিবিন্যাস,877
,Conservation of nature conservation,প্রাকৃতিক সম্পদ সংরক্ষণ,878
,How does the shape of the Moon change?,চাঁদের আকার কিভাবে পরিবর্তিত হয়,879
,Technolgy in our life,আমাদের জীবনে প্রযুক্তি 2,880
,Technolgy in Medical Treatment and Entertainment,চিকিৎসা ও বিনোদনে প্রযুক্তি,881
,Technolgy in Agriculture,কৃষিকাজে প্রযুক্তি,882
,What does mean by Weather?,আবহাওয়া বলতে কী বুঝি?,883
,Weather Observation,আবহাওয়া পর্যবেক্ষণ,884
,Causes of Weather Changes,আবহাওয়া পরিবর্তনের কারণ কী,885
,Weather and Climate,আবহাওয়া ও জলবায়ু,886
,Climate,জলবায়ু,887
,Climate of Bangladesh,বাংলাদেশের জলবায়ু,888
,How can we save people who get involved in an accident?,কিভাবে দুর্ঘটনা প্রতিরোধ করা যায়,889
,First aid treatment for burning,আগুনে পুড়ে যাওয়ার প্রাথমিক চিকিৎসা,890
,Drowning,পানিতে ডোবা,891
,Information and Communication Technolgy,তথ্য ও যোগাযোগ প্রযুক্তি,892
,Improvement of ICT,তথ্য ও যোগাযোগ প্রযুক্তির উন্নয়ন,893
,Development of ICT,তথ্য ও যোগাযোগ প্রযুক্তির বিকাশ,894
,Use of Information,তথ্যের ব্যবহার,895
,"Collecting, Storing and Sharing Information","তথ্য সংগ্রহ, সংরক্ষণ ও বিনিময়",896
,Impact of Population Growth on Natural Resources,প্রাকৃতিক সম্পদের উপর জনসংখ্যা বৃদ্ধির প্রভার,898
,Primary Science Grade 4,প্রাথমিক বিজ্ঞান চতুর্থ শ্রেণি,899
,Information and communication,তথ্য ও যোগাযোগ,900
,Use of communication technology,যোগাযোগ প্রযুক্তি ব্যবহার,901
,Use of information and communication technology,তথ্য ও যোগাযোগ প্রযুক্তি ব্যবহার ,902
, Use of information, তথ্যের ব্যবহার,903
,Sources of information and its use,তথ্যের উৎস এবং এর ব্যবহার,904
,Use of information with tools,যন্ত্রের সাহায্যে তথ্যের ব্যবহার,905
,Use of technology in daily life,দৈনন্দিন জীবনে প্রযুক্তি ব্যবহার,906
, Technology in medicine and entertainment, চিকিৎসা ও বিনোদনে প্রযুক্তি,907
, Treatment and recreation, চিকিৎসা ও বিনোদন,908
,Forestry and beautifying,বনজ ও সৌন্দর্য বর্ধক,909
,Difference Between Plants and Animals,উদ্ভিদ ও প্রাণীর মধ্যে পার্থক্য,910
, All the plants that grow in the environment, পরিবেশে যে সকল উদ্ভিদ জন্মে,911
,Identify different habitats of animals,প্রাণীর বিভিন্ন আবাসস্থল সনাক্ত,912
,Animals live in different environments,প্রাণী বিভিন্ন পরিবেশে বসবাস,913
,Extinction of plants and animals,উদ্ভিদ ও প্রাণীর বিলুপ্তি,914
,Importance of vitamins,ভিটামিনের গুরুত্ব,915
,Animal and vegetable meat,প্রানীজ ও উদ্ভিজ্জ আমিষ,916
,Importance of a balanced diet,সুষম খাদ্যের প্রায়োজনীয়তা,917
,"In population, food and shelter","জনসংখ্যা, খাদ্য ও বাসস্থানে",918
,"Dependence on population, food and shelter","জনসংখ্যা, খাদ্য ও বাসস্থানের  নির্ভশীলতা",919
,Effects of population growth on resources,সম্পদের উপর জনসংখ্যা বৃদ্ধির প্রভাব,920
,population growth 1,জনসংখ্যা বৃদ্ধি ,921
,Survival of plants and animals 1,উদ্ভিদ ও প্রাণীর বেঁচে থাকার ,922
,Additional details if necessary,প্রয়োজনে পরবিশেরে পরর্বিতন ,923
,Dependent on sunlight,সূর্যের আলো  উপর নির্ভরশীল,924
,Plants and animals for food,খাদ্যের জন্য উদ্ভিদ ও প্রাণী,925
,What causes the environment to change?,কি কি কারণে পরিবেশের পরিবর্তণ ঘটে,926
,Type of accident,দূর্ঘটনার ধরণ,927
,Types of accidents,নানা দূর্ঘটনার ধরণ ,928
,an accident,একটি দূর্ঘটনা,929
,Safety of life,জীবনের নিরাপত্তা ,930
, Bitten by snakes and burned by fire, সাপে কাটা ও আগুনে পোড়া,931
,First aid for a burn patient,আগুনে পোড়া রোগীর প্রাথমিক চিকিৎসা,932
,First aid for a drowning patient,পানিতে ডোবা রোগীর প্রাথমিক চিকিৎসা,933
,First aid for electrocuted patients,বিদ্যুৎ স্পৃষ্ট রোগীর প্রাথমিক চিকিৎসা,934
,First aid for snakebite patients,সাপে কাটা রোগীর প্রাথমিক চিকিৎসা ,935
,What is wind?,বায়ু কী,936
, Use of natural resources 1, প্রাকৃতিক সম্পদ ব্যবহার,937
,Different types of natural resources,বিভিন্ন ধরণের প্রাকৃতিক সম্পদ ২,938
,Classification of natural resources,প্রাকৃতকি সম্পদে শ্রেণিবিভাগ,939
,proper use,যথাযথ ব্যবহার,940
,Moon phase in each month,প্রত্যেক মাসে চাঁদের দশা,941
,Fundamental structure in the solar system,সৌরজগতরে মৌলকি গঠ,942
,The structure of the universe,মহাবিশ্বের  গঠন,943
, garbage, ময়লা আবর্জনা ,944
,Soil fertility,মাটির উর্বরতা ,945
,How is the soil contaminated?,মাটি কিভাবে দূষিত ,946
,In soil conservation,মাটি সংরক্ষণে,947
,Hygiene requirements,স্বাস্থ্যবিধি প্রয়োজনীয়তা,948
,In compliance with hygiene rules,স্বাস্থ্যবিধি পালনে,949
,Prevention of water borne diseases,পানিবাহিত রোগ প্রতিরোধ ,950
,Information,তথ্য,951
,Source of information,তথ্যের উৎস,952
,Uses of plants,উদ্ভিদের ব্যবহার,953
, Plants grow, উদ্ভিদ জন্মে,954
,Animal habitat,প্রাণীর আবাসস্থল,955
,Extinction of animals,প্রাণীর বিলুপ্তি,956
,vitamins,ভিটামিন,957
,A balanced diet,সুষম খাদ্যে,958
,Animal and vegetable,প্রানীজ ও উদ্ভিজ্জ,959
,In food and shelter,খাদ্য ও বাসস্থানে,960
,"Population, food","জনসংখ্যা, খাদ্য",961
,Influence of the natural environment,প্রাকৃতিক পরিবেশের প্রভাব,962
,Shelter in animal life,প্রাণীর জীবনে আশ্রয়,963
,Parabishera Pararbitan,পরবিশেরে পরর্বিতন,964
, Dependent on water, পানির উপর নির্ভরশীল,965
,Change in environment,পরিবেশের পরিবর্তণ,966
,accidents in life,জীবনে দূর্ঘটনা,967
,Accident types and prevention,দূর্ঘটনার ধরণ ও প্রতিরোধ,968
,Accident prevention,দূর্ঘটনা প্রতিরোধ,969
,Weight of substance,পদার্থের ওজন,970
,volume of matter,পদার্থের আয়তন,971
,properties of air,বায়ুর বৈশিষ্ট্য,972
, in the form of natural resources, প্রাকৃতিক সম্পদ ধরণে,973
,natural resources,প্রাকৃতিক সম্পদ,974
,Classification,শ্রেণিবিভাগ,975
,Really rich,প্রকৃতকি সম্পদরে ,976
,Observing the position of the moon,চাঁদের দশা পর্যবেক্ষণ,977
,solar system,সৌরজগত,978
, what is galaxy, ছায়াপথ কি,979
,Daily garbage,দৈনন্দিন ময়লা ,980
,Fertility,উর্বরতা,981
,hygiene,স্বাস্থ্যবিধি,982
,water borne,পানিবাহিত,983
,Amar Bangla Boi (Class Five),আমার বাংলা বই (পঞ্চম শ্রেণি),984
,Ei Desh Ei Manush,এই দেশ এই মানুষ 1,985
,Songkolpo,সংকল্প 1,986
,Sundarboner Prani,সুন্দরবনের প্রানী,987
,Hati o shiyaler golpo,হাতি ও শিয়ালের গল্প,988
,Football Kheloyar,ফুটবল খেলোয়াড়,989
,Birer rokte shadhin e desh,বীরের রক্তে স্বাধীন এ দেশ 1,990
,Februyarir gaan,ফেব্রুয়ারির গান 1,991
,Shokher mrit shilpo,শখের মৃৎ শিল্প,992
,Shobdodushon,শব্দদূষণ ,993
,Shoroniyo jara chirodin,স্মরণীয় যারা চিরদিন,994
,Shoroniyo jara chirodin-2,স্বরণীয় যাঁরা চিরদিন-২,995
,Swadesh,স্বদেশ 1,996
,Kanchonmala r Kakonmala,কাঞ্চনমালা আর কাঁকনমালা 1,997
,Obak Jolpaan,অবাক জলপান 1,998
,Gashful,ঘাসফুল 1,999
,Matir Niche j Sohor,মাটির নিচে যে শহর 1,1000
,Shikhagurur Morjada,শিক্ষাগুরুর মর্যাদা 1,1001
,Vabuk Cheleti,ভাবুক ছেলেটি 1,1002
,Dui tire,দুই তীরে 1,1003
,Bidai Hajj,বিদায় হজ্ব,1004
,Dekhe elam nayagra,দেখে এলাম নায়াগ্রা 1,1005
,Rodro likhe joy ,রৌদ্র লেখে জয়,1006
,Maolana abdul hamid khan bhashani,মাওলানা আব্দুল হামিদ খান ভাসানী,1007
,Shahid Titumir,শহিদ তিতুমীর 1,1008
,Opekkha,অপেক্ষা 1,1009
,Amar Bangla Boi_Class Five,আমার বাংলা বই_পঞ্চম শ্রেণি,1010
,The Determination,সংকল্প,1011
,This Country and These People,এই দেশ এই মানুষ,1012
,The Animal Diversity of the Sundarban,সুন্দরবনের প্রাণী,1013
,The Story of And Elephant and A Fox,হাতি আর শিয়ালের গল্প,1014
,This Country is Heroically Independent,বীরের রক্তে স্বাধীন এ দেশ,1016
,The Song of February,ফেব্রুয়ারির গান,1017
,The Hobby of Pottery,শখের মৃৎশিল্প,1018
,Sound Pollution,শব্দদূষণ,1019
,Homeland,স্বদেশ,1021
,Kanchanmala and Kakonmala,কাঞ্চনমালা আর কাঁকনমালা,1022
,A Surprise Drink,অবাক জলপান,1023
,Flora,ঘাসফুল,1024
,A City Underground,মাটির নিচে যে শহর,1025
,The Nobility of A Teacher,শিক্ষাগুরুর মর্যাদা,1026
,The Boy Who Thinks,ভাবুক ছেলেটি,1027
,On Both Sides,দুই তীরে,1028
,BIday Hajj,বিদায় হজ,1029
,Saw the Niagra Falls,দেখে এলাম নায়াগ্রা,1030
,Abdul Hamid Khan Bhashani,মওলানা আব্দুল হামিদ খান ভাসানী,1032
,Titumir: The Martyr ,শহিদ তিতুমীর,1033
,The Wait,অপেক্ষা,1034
,Amar Bangla Boi (Class Five)_Radio,আমার বাংলা বই (পঞ্চম শ্রেণি)_রেডিও,1035
,English for Today (Class Five),ইংলিশ ফর টুডে  (পঞ্চম শ্রেণি),1036
,HELLO!,হ্যালো!,1037
,SEE YOU!,সী ইউ!,1038
,Saikat’s Family,সৈকত’স ফ্যামিলি,1039
,Stressed Syllables,স্ট্রেসড সিলেবাস,1040
,Eat healthy,ইট হেলদি,1041
,Write to me soon!,রাইট টু মি সুন!,1042
, My home district,মাই হোম ডিস্ট্রিক্ট,1043
,Happy Birthday,হ্যাপি বার্থডে,1045
,Sport,স্পোর্টস,1046
,The Liberation War Museum,দ্যা লিবারেশন ওয়ার মিউজিয়াম,1047
,Sunshine Magazine,সানসাইন ম্যাগাজিন,1048
,Life is beautiful!,লাইফ ইজ বিউটিফুল!,1049
,It was a great day,ইট ওয়াজ আ গ্রেট ডে,1050
, Completing Form,কমপ্লিটিং ফর্ম,1051
,Cyclone Aila,সাইক্লোন আলিয়া,1052
,English For Today (Class-5),ইংলিশ ফর টুডে  (৫ম শ্রেণি),1053
,Sound practice,সাউন্ড প্রাকটিস,1054
,Saikat's ,সৈকত’স,1055
,Leisure time,লেযার টাইম,1056
,Be Healty,বি হেলদি,1057
,Where`s the library?,হোয়ারস দ্যা লাইব্রেরি? ,1058
,How far is saint Martins?,হাউ ফার ইজ সেন্ট মার্টিনস? ,1059
,The hare and the tortoise ,দ্যা হার এন্ড দ্যা টরটোইস,1061
,May I come in?,মে আই কাম ইন?,1062
,Birds on Strings,বার্ডস অন স্ট্রিংস,1063
,City and Country,সিটি এন্ড কান্ট্রি,1064
,Stay safe!,স্টে সেফ!,1065
,Why does the frog Croak?,হোয়াই ডাজ দ্যা ফ্রগ ক্রোক?,1066
,English For Today (Class-5)_Radio,ইংলিশ ফর টুডে  (ক্লাস- ৫)_রেডিও,1067
,stressed syllables 1,স্ট্রেসড সিলেবাস ১,1068
,Be Healthy,বি হেলদি ,1069
,stressed syllables 2,স্ট্রেসড সিলেবাস ২,1070
,Write to me soon! 2,রাইট টু মি সুন! ২,1071
,Telling The time 2, টেলিং দ্যা টাইম ,1072
,The Liberation War Museum 2,দ্যা লিবারেশন ওয়ার মিউজিয়াম ২,1073
,Math (Class Five),গণিত (পঞ্চম শ্রেণি),1074
,Mutiplication,গুণ,1075
,Problems Involving Four Rules,চার প্রক্রিয়া সম্পর্কিত সমস্যাবলি,1076
,Unitary Method,লসাগু এর ব্যবহার,1077
,Factor,গুণনীয়ক,1078
,Rectangle and Square,আয়ত ও র্বগ,1079
,Decinals and Fraction,দশমকি ভগ্নাংশ,1080
,Rhombus,রম্বস,1081
,Circle,বৃত্ত,1082
,Average,গড়,1083
,Percentage,শতকরা ,1084
,Area of Rectangles,আয়তরে ক্ষত্রেফল,1085
,"Leap, Year, Decade, Era and Century","অধর্বিষ, দশক, যুক, শতাব্দী",1086
,Data arrangement ,উপাত্ত বিন্যস্তকরণ,1087
,Profit and Loss,লাভ ও ক্ষতি,1088
,Math_Class 5 ,গণিত_৫ম শ্রেণি ,1089
,Multiplication_grade 5,গুণ_৫ম শ্রেণি,1090
,Division_grade 5,ভাগ_৫ম শ্রেণি,1091
,Mathmatical Symbols_grade 5,গাণিতিক প্রতীক_৫ম শ্রেণি,1092
,Multiples and factors_grade 5,গুণিতক ও গুণনীয়ক_৫ম শ্রেণি,1093
,Fractions_grade 5,ভগ্নাংশ_৫ম শ্রেণি,1094
,Percentage ,শতকরা,1095
,Geometry_grade 5,জ্যামিতি_৫ম শ্রেণি,1096
,Measurement_grade 5,পরিমাপ_৫ম শ্রেণি,1097
,Time_grade 5,সময়_৫ম শ্রেণি,1098
,Calculator and computer ,ক্যলকুলেটর ও কম্পিউটার,1099
,Math (Class Five)_Radio,গণিত (পঞ্চম শ্রেণি)_রেডিও,1100
,Decimals and Fractions,দশমিক ভগ্নাংশ ১,1101
,Science_Grade_Five,সাধারণ বিজ্ঞান (৫ম শ্রেণি),1102
,Relationship between Living and Non Living Things,জীব ও জড়ের মধ্যেকার সম্পর্ক,1103
,Matual Dependece between Plans and Animals,উদ্ভিদ ও প্রাণীর পারস্পরিক নির্ভরশীলতা,1104
,Energy Flow,শক্তি প্রবাহ 2,1105
,Food Chain 1,শক্তি প্রবাহ: খাদ্য শৃঙ্খল,1106
,What is food web?,খাদ্য জাল কী?,1107
,Pollution In Our Enviroment 1,আমাদের পরিবেশ দূষণ,1108
,Types of Enviromental Pollution (Reasons for air pollution and water pollution),বিভিন্ন ধরণের পরিবেশ দূষণ (বায়ু দূষণ এবং পানি দূষণের কারণ),1109
,Types of Enviromental Pollution (Impact of air pollution and water pollution),বিভিন্ন ধরণের পরিবেশ দূষণ- বায়ু দূষণ এবং পানি দূষণের ক্ষতিকর প্রভাব,1110
,Types of Enviromental Pollution (Soud Pollution),বিভিন্ন ধরণের পরিবেশ দূষণ (শব্দ দূষণ),1111
,Types of Enviromental Pollution (Soil Pollution),বিভিন্ন ধরণের পরিবেশ দূষণ (মাটি দূষণ),1112
,Conservation of Our Enviroment,পরিবেশ সংরক্ষণ,1113
,Water for Plants and animals,উদ্ভিদ ও প্রাণীর জন্য পানি,1114
,Changing State fo Water,পানির অবস্থানর পরিবর্তন,1115
,Water cycle,পানি চক্র,1116
,Safe Water,নিরাপদ পানি,1117
,Use of Air Flow,বায়ু প্রবাহের ব্যবহার,1118
,Use of Air,বায়ুর ব্যবহার,1119
,Air Pollution,বায়ু দূষণ,1120
,Prevent Air Pollution,বায়ু দূষণ প্রতিরোধ,1121
,Effects of Air Pollution,বায়ু দূষণের প্রভাব,1122
,Energy around us,আমাদের চারপাশে শক্তিসমূহ,1123
,Forms of Energy,কোন ধরণের শক্তি কী কী কাজে ব্যবহৃত হয়,1124
,Transfer to Energy 1,শক্তির রুপান্তর,1125
,Transfermation of Energy,শক্তির সঞ্চালন,1126
,Transfer to Heat,তাপ সঞ্চালন-পরিবহন,1127
,Transfer to Energy,শক্তির সঞ্চালন-পরিচলন,1128
,Energy Convection and Radiation,শক্তির সঞ্চালন-বিকিরণ,1129
,Proper use and saving of Energy,শক্তির যথাযথ ব্যবহার এবং সংরক্ষণ,1130
,Structure of Matter,পদার্থের গঠন,1131
,Balanced Diet 2,সুষম খাদ্য ২,1132
,Food to Eat Limited,যে সকল খাদ্য কম খাওয়া উচিত,1133
,Infectious Diseases,সংক্রামক রোগ,1134
,Puberty,বয়ঃসন্ধি,1135
,Size Of Universe,মহাবিশ্ব ও পৃথিবী: মহাবিশ্বের আকার,1136
,Motions of Earth,পৃথিবীর গতি ১,1137
,Day and Night,দিন ও রাত,1138
,Season,ঋতু,1139
,The Phases of the Moon,চাঁদের দশাসমূহ বা অবস্থার পরিবর্তন,1140
,Science and Technolgy,বিজ্ঞান ও প্রযুক্তি ১,1141
,Technology In Agriculture,কৃষিতে প্রযুক্তি ১,1142
,Technology In Our Life,আমাদের জীবনে প্রযুক্তি,1143
,Importance of Information Sharing (Personal),তথ্য বিনিময়ের গুরুত্ব (ব্যক্তিগত),1144
,Importance of Information Sharing (State),তথ্য বিনিময়ের গুরুত্ব (রাষ্ট্রিয়),1145
,Collection Of Information,তথ্য সংগ্রহ ১,1146
,Storage of Information,তথ্য সংরক্ষণ ,1147
,Storage and Exchange of Information,তথ্য সংরক্ষণ ও বিনিময়,1148
,Relationship between Weather and Climate,আবহাওয়া ও জলবায়ুর মধ্যে সম্পর্ক,1149
,Air Pressure and Wind,বায়ুচাপ ও বায়ুপ্রবাহ,1150
,Elements of weather and climate,আবহাওয়া ও জলবায়ুর উপাদান,1151
,Extreme Weather,বিরূপ আবহাওয়া,1152
,Extreme Weather (Cyclone),"বিরূপ আবহাওয়া ( কালবৈশাখী, টর্নেডো, ঘূর্ণিঝড় বা সাইক্লোন)",1153
,Climate Change,জলবায়ুর পরির্বতন,1154
,Our Resources,আমাদের সম্পদ,1155
,Wise Use of Natural Resources,প্রাকৃতিক সম্পদের যথাযথ ব্যবহার ১,1156
,Population growth and population density,জনসংখ্যার বৃদ্ধি ও জনসংখ্যার ঘনত্ব,1157
,Population growth and Human Needs,জনসংখ্যা বৃদ্ধি ও মানুষের চাহিদা,1158
,Impact of Population Growth on Enviroment,পরিবেেশের উপর জনসংখ্যা বৃদ্ধির প্রভাব,1159
,Role of Science and technology to solve Population Problems,জনসংখ্যা সমস্যা সমাধানে বিজ্ঞান ও প্রযুক্তির ভূমিকা,1160
,Primary Science Grade 5,প্রাথমিক বিজ্ঞান পঞ্চম শ্রেণি,1161
,What causes environmental pollution?,কি কি কারণে পরিবেশ দূষণ হয় ,1162
, How can we save the environment?, কিভাবে পরিবেশ সংরক্ষণ করতে পারি,1163
,Water requirements for organisms,জীবের জন্য পানির প্রয়োজনীয়তা,1164
,How are water droplets made?,পানির ফোঁটাগুলো কিভাবে তৈরী,1165
,weather forecast,আবহাওয়ার পূর্বাভাস,1166
,Information exchange,তথ্য বিনিময়,1167
,Data collection,তথ্য সংগ্রহ,1168
,Science and Technology,বিজ্ঞান ও প্রযুক্তি,1169
,Relationship between science and technology,বিজ্ঞান ও প্রযুক্তির সম্পর্ক,1170
,Harmful effects of technology,প্রযুক্তির ক্ষতিকর প্রভাব,1171
,Dependence of plants and animals,উদ্ভিদ ও প্রাণীর নির্ভরশীলতা,1172
,Survival of plants and animals,উদ্ভিদ ও প্রাণীর বেঁচে থাকা,1173
,Population growth,জনসংখ্যা বৃদ্ধির ,1174
,Human needs,মানুষের চাহিদা,1175
,Water for life,জীবের জন্য পানি,1176
,"""water cycle""",“পানি চক্র”,1177
,What is the water cycle?,পানি চক্র কি? ,1178
,Water is the cause of pollution,পানি দুষণের কারণ,1179
,Water purification,পানি বিশুদ্ধকরণ ,1180
,what is power,শক্তি কী,1181
,source of energy.,শক্তির উৎস। ,1182
,"""Transformation of Power""",“শক্তির রুপান্তর” ,1183
,Power conversion graphics,শিক্তির রুপান্তর গ্র্যাফিক্স,1184
,Heat conduction,তাপ সঞ্চালন,1185
,Conduction of heat and light,তাপ ও আলোর সঞ্চালন,1186
,Energy consumption,শক্তির ব্যবহার ,1187
, Environmental pollution, পরিবেশ দূষণ,1188
,What kind of resources do we have?,আমাদের কী ধরনের সম্পদ,1189
, Use of natural resources 2, প্রাকৃতিক সম্পদেরব্যবহার,1190
,Air in daily life 1,দৈনন্দিন জীবনে বায়ু,1191
,Causes of air pollution,বায়ু দুষণের কারণ ,1192
,the universe,মহাবিশ্ব,1193
,speed of the earth,পৃথিবীর গতি,1194
,How is day and night?,কীভাবে দিন ও রাত হয়।  ,1195
,Practice-Earth speed,অনুশীলন-পৃথিবীর আহ্নিক গতি,1196
,Seasonal change,ঋতু পরিবর্তন,1197
,Phases of the Moon,চাঁদের দশাসমূহ,1198
,balanced diet,সুষম খাদ্য ৩,1199
, What foods should be avoided?, কোন খাবার পরিহার করা উচিত?,1200
,What is an infectious disease?,সংক্রামক রোগ কী,1201
,Types of infectious diseases,সংক্রামক রোগের প্রকারভেদ,1202
,Disease prevention,রোগের প্রতিরোধ,1203
,What is puberty?,বয়ঃসন্ধি কী?,1204
, Sources and causes of pollution, দূষণের উৎস ও কারণ,1205
,Causes environmental pollution,পরিবেশ দূষণের কারণ,1206
,food chain 2,খাদ্য শৃঙ্খল,1207
,Solar energy is transmitted to living things,সৌরশক্তি জীবে সঞ্চারিত,1208
,Environmental pollution,পরিবেশ দূষণ,1209
,Environmental protection,পরিবেশ সংরক্ষণ ,1210
,Water requirement,পানির প্রয়োজনীয়তা,1211
,weather,আবহাওয়ার,1212
, the climate, জলবায়ু,1213
,Storage and exchange,সংরক্ষণ ও বিনিময়,1214
,science,বিজ্ঞান ,1215
,agriculture,কৃষি,1216
, Technology, প্রযুক্তি,1217
,of plants and animals,উদ্ভিদ ও প্রাণীর,1218
,physical environment,ভৌত পরিবেশ,1219
,water drop,পানির ফোঁটা,1220
,Effects of water pollution,পানি দূষনের প্রভাব,1221
,Purification,বিশুদ্ধকরণ,1222
, strong, শক্তিসমুহ ,1223
,strength,শক্তি,1224
, Energy from the sun, সূর্য থেকে পাওয়া শক্তি,1225
,education,শিক্তি,1226
,the heat,তাপ,1227
,Transmission of light,আলোর সঞ্চালন,1228
,Conservation of energy,শক্তির সংরক্ষণ,1229
,in substance,পদার্থে,1230
, pollution, দূষণ,1231
,wealth,সম্পদ,1232
,Man-made resources,মানবসৃষ্ট সম্প,1233
,air,বায়ু,1234
,the world,পৃথিবী,1235
,How the world spins,পৃথিবী কীভাবে ঘোরে,1236
,instantaneous speed,আহ্নিক গতি,1237
,the season,ঋতু ,1238
,Moon's condition,চাঁদের অবস্থার,1239
,essential food,প্রয়োজনীয় খাদ্য,1240
,Spread of infectious diseases,সংক্রামক রোগের বিস্তার,1241
,Disease cure,রোগের প্রতিকার ,1242
, Body care during adolescence, বয়ঃসন্ধিকালে শরীরের যত্ন,1243
,Effects of environmental pollution.,পরিবেশ দূষণের প্রভাব।,1244
,Explain what a food web is,খাদ্য জাল কী তা ব্যাখা,1245
,transmitted to organisms,জীবে সঞ্চারিত,1246
,Elements of climate,জলবায়ুর উপাদান,1247
,Primary Science (Class Five)_Radio,প্রাথমিক বিজ্ঞান (পঞ্চম শ্রেণি)_রেডিও,1248
,Relationship between Living and Non Living Things 2,জীব ও জড় বস্তুর মধ্যকার সম্পর্ক,1249
,Matual Dependece between Plants and Animals, উদ্ভিদ ও প্রাণীর পারস্পরিক নির্ভরশীলতা,1250
,Food Chain,শক্তি প্রবাহ,1251
,Pollution In Our Enviroment,আমাদের পরিবেশ দুষণ,1252
,Types of Enviromental Pollution ,বিভিন্ন ধরনের পরিবেশ দুষণ,1253
,Air in Daily Life, দৈনন্দিন জীবনে বায়ু,1254
,Necessity of Balance Diet,সুষম খাদ্যের প্রয়োজনীয়তা,1255
,"Types  and spread of Infectious Diseases, Types ","সংক্রামক রোগ, সংক্রাক রোগের বিস্তার, প্রকারভেদ",1256
,Prevention and remedy of Infectious Diseases,সংক্রামক রোগের প্রতিরোধ ও প্রতিকার,1257
,Bad Impact of technology,প্রযুক্তির ক্ষতিকর প্রভাব ২,1258
,Importance of Information Sharing ,তথ্য বিনিময়ের গুরুত্ব,1259
,"Collection, Preservation and exchange of Information","তথ্য সংগ্রহ, সংরক্ষণ ও বিনিময় ২",1260
,Extreme Weather 2,বিরুপ আবহাওয়া,1261
,Green House Effect,গ্রীন হাউজ প্রভাব   ,1262
,Climate Change 2,জলবায়ু পরিবর্তন,1263
, Use of Natural Resources,প্রাকৃতিক সম্পদের যথাযথ ব্যবহার,1264
,Impact of Population Growth on Enviroment 2,পরিবেশের উপর জনসংখ্যা বৃদ্ধির প্রভাব,1265